"","Year","Period","Geo Level","State","State ANSI","category","measurement","Value"
"1",2024,"YEAR","NATIONAL","US TOTAL",NA," FRESH MARKET - PRICE RECEIVED ADJUSTED BASE ","$ / CWT","10.9"
"2",2024,"YEAR","NATIONAL","US TOTAL",NA," PROCESSING - PRICE RECEIVED ADJUSTED BASE ","$ / TON","4.04"
"3",2023,"MARKETING YEAR","NATIONAL","US TOTAL",NA," PRICE RECEIVED ","$ / CWT","123"
"4",2023,"MARKETING YEAR","NATIONAL","US TOTAL",NA," FRESH MARKET - PRICE RECEIVED ","$ / CWT","142"
"5",2023,"MARKETING YEAR","NATIONAL","US TOTAL",NA," PROCESSING - PRICE RECEIVED ","$ / CWT","43.8"
"6",2023,"MARKETING YEAR","STATE","CALIFORNIA","06"," PRICE RECEIVED ","$ / CWT","121"
"7",2023,"MARKETING YEAR","STATE","CALIFORNIA","06"," FRESH MARKET - PRICE RECEIVED ","$ / CWT","(D)"
"8",2023,"MARKETING YEAR","STATE","CALIFORNIA","06"," PROCESSING - PRICE RECEIVED ","$ / CWT","(D)"
"9",2023,"MARKETING YEAR","STATE","FLORIDA","12"," PRICE RECEIVED ","$ / CWT","147"
"10",2023,"MARKETING YEAR","STATE","FLORIDA","12"," FRESH MARKET - PRICE RECEIVED ","$ / CWT","(D)"
"11",2023,"MARKETING YEAR","STATE","FLORIDA","12"," PROCESSING - PRICE RECEIVED ","$ / CWT","(D)"
"12",2023,"MARKETING YEAR","STATE","OTHER STATES",NA," FRESH MARKET - PRICE RECEIVED ","$ / CWT","142"
"13",2023,"MARKETING YEAR","STATE","OTHER STATES",NA," PROCESSING - PRICE RECEIVED ","$ / CWT","43.8"
"14",2023,"YEAR","NATIONAL","US TOTAL",NA," ACRES HARVESTED",NA,"56,800"
"15",2023,"YEAR","NATIONAL","US TOTAL",NA," ACRES PLANTED",NA,"57,300"
"16",2023,"YEAR","NATIONAL","US TOTAL",NA," PRODUCTION ","$","3,398,943,000"
"17",2023,"YEAR","NATIONAL","US TOTAL",NA," PRODUCTION ","CWT","27,560,000"
"18",2023,"YEAR","NATIONAL","US TOTAL",NA," PRODUCTION ","TONS","1,378,000"
"19",2023,"YEAR","NATIONAL","US TOTAL",NA," YIELD ","CWT / ACRE","485"
"20",2023,"YEAR","NATIONAL","US TOTAL",NA," YIELD ","TONS / ACRE","24.26"
"21",2023,"YEAR","NATIONAL","US TOTAL",NA," FRESH MARKET - PRICE RECEIVED 10 YEAR AVG FOR PARITY PURPOSES ","$ / CWT","120"
"22",2023,"YEAR","NATIONAL","US TOTAL",NA," FRESH MARKET - PRICE RECEIVED 10 YEAR AVG ","$ / CWT","120"
"23",2023,"YEAR","NATIONAL","US TOTAL",NA," FRESH MARKET - PRICE RECEIVED ADJUSTED BASE ","$ / CWT","10.8"
"24",2023,"YEAR","NATIONAL","US TOTAL",NA," FRESH MARKET - PRODUCTION ","$","3,173,579,000"
"25",2023,"YEAR","NATIONAL","US TOTAL",NA," FRESH MARKET UTILIZED - PRODUCTION ","CWT","22,382,200"
"26",2023,"YEAR","NATIONAL","US TOTAL",NA," NOT SOLD - PRODUCTION ","CWT","33,400"
"27",2023,"YEAR","NATIONAL","US TOTAL",NA," PROCESSING - PRICE RECEIVED 10 YEAR AVG FOR PARITY PURPOSES ","$ / TON","44.4"
"28",2023,"YEAR","NATIONAL","US TOTAL",NA," PROCESSING - PRICE RECEIVED 10 YEAR AVG ","$ / TON","44.4"
"29",2023,"YEAR","NATIONAL","US TOTAL",NA," PROCESSING - PRICE RECEIVED ADJUSTED BASE ","$ / TON","4.05"
"30",2023,"YEAR","NATIONAL","US TOTAL",NA," PROCESSING - PRODUCTION ","$","225,364,000"
"31",2023,"YEAR","NATIONAL","US TOTAL",NA," PROCESSING UTILIZED - PRODUCTION ","CWT","5,144,400"
"32",2023,"YEAR","NATIONAL","US TOTAL",NA," UTILIZED - PRODUCTION ","CWT","27,526,600"
"33",2023,"YEAR","NATIONAL","US TOTAL",NA," UTILIZED - PRODUCTION ","TONS","1,376,330"
"34",2023,"YEAR","STATE","CALIFORNIA","06"," ACRES HARVESTED",NA,"42,700"
"35",2023,"YEAR","STATE","CALIFORNIA","06"," ACRES PLANTED",NA,"43,100"
"36",2023,"YEAR","STATE","CALIFORNIA","06"," PRODUCTION ","$","2,965,387,000"
"37",2023,"YEAR","STATE","CALIFORNIA","06"," PRODUCTION ","CWT","24,600,000"
"38",2023,"YEAR","STATE","CALIFORNIA","06"," YIELD ","CWT / ACRE","575"
"39",2023,"YEAR","STATE","CALIFORNIA","06"," FRESH MARKET - PRODUCTION ","$","(D)"
"40",2023,"YEAR","STATE","CALIFORNIA","06"," FRESH MARKET UTILIZED - PRODUCTION ","CWT","(D)"
"41",2023,"YEAR","STATE","CALIFORNIA","06"," NOT SOLD - PRODUCTION ","CWT","24,600"
"42",2023,"YEAR","STATE","CALIFORNIA","06"," PROCESSING - PRODUCTION ","$","(D)"
"43",2023,"YEAR","STATE","CALIFORNIA","06"," PROCESSING UTILIZED - PRODUCTION ","CWT","(D)"
"44",2023,"YEAR","STATE","CALIFORNIA","06"," UTILIZED - PRODUCTION ","CWT","24,575,400"
"45",2023,"YEAR","STATE","FLORIDA","12"," ACRES HARVESTED",NA,"14,100"
"46",2023,"YEAR","STATE","FLORIDA","12"," ACRES PLANTED",NA,"14,200"
"47",2023,"YEAR","STATE","FLORIDA","12"," PRODUCTION ","$","433,556,000"
"48",2023,"YEAR","STATE","FLORIDA","12"," PRODUCTION ","CWT","2,960,000"
"49",2023,"YEAR","STATE","FLORIDA","12"," YIELD ","CWT / ACRE","210"
"50",2023,"YEAR","STATE","FLORIDA","12"," FRESH MARKET - PRODUCTION ","$","(D)"
"51",2023,"YEAR","STATE","FLORIDA","12"," FRESH MARKET UTILIZED - PRODUCTION ","CWT","(D)"
"52",2023,"YEAR","STATE","FLORIDA","12"," NOT SOLD - PRODUCTION ","CWT","8,800"
"53",2023,"YEAR","STATE","FLORIDA","12"," PROCESSING - PRODUCTION ","$","(D)"
"54",2023,"YEAR","STATE","FLORIDA","12"," PROCESSING UTILIZED - PRODUCTION ","CWT","(D)"
"55",2023,"YEAR","STATE","FLORIDA","12"," UTILIZED - PRODUCTION ","CWT","2,951,200"
"56",2023,"YEAR","STATE","OTHER STATES",NA," FRESH MARKET - PRODUCTION ","$","3,173,579,000"
"57",2023,"YEAR","STATE","OTHER STATES",NA," FRESH MARKET UTILIZED - PRODUCTION ","CWT","22,382,200"
"58",2023,"YEAR","STATE","OTHER STATES",NA," NOT SOLD - PRODUCTION ","CWT","0"
"59",2023,"YEAR","STATE","OTHER STATES",NA," PROCESSING - PRODUCTION ","$","225,364,000"
"60",2023,"YEAR","STATE","OTHER STATES",NA," PROCESSING UTILIZED - PRODUCTION ","CWT","5,144,400"
"61",2022,"MARKETING YEAR","NATIONAL","US TOTAL",NA," PRICE RECEIVED ","$ / CWT","114"
"62",2022,"MARKETING YEAR","NATIONAL","US TOTAL",NA," FRESH MARKET - PRICE RECEIVED ","$ / CWT","135"
"63",2022,"MARKETING YEAR","NATIONAL","US TOTAL",NA," PROCESSING - PRICE RECEIVED ","$ / CWT","27.1"
"64",2022,"MARKETING YEAR","STATE","CALIFORNIA","06"," PRICE RECEIVED ","$ / CWT","108"
"65",2022,"MARKETING YEAR","STATE","CALIFORNIA","06"," FRESH MARKET - PRICE RECEIVED ","$ / CWT","(D)"
"66",2022,"MARKETING YEAR","STATE","CALIFORNIA","06"," PROCESSING - PRICE RECEIVED ","$ / CWT","(D)"
"67",2022,"MARKETING YEAR","STATE","FLORIDA","12"," PRICE RECEIVED ","$ / CWT","169"
"68",2022,"MARKETING YEAR","STATE","FLORIDA","12"," FRESH MARKET - PRICE RECEIVED ","$ / CWT","(D)"
"69",2022,"MARKETING YEAR","STATE","FLORIDA","12"," PROCESSING - PRICE RECEIVED ","$ / CWT","(D)"
"70",2022,"MARKETING YEAR","STATE","OTHER STATES",NA," PRICE RECEIVED ","$ / CWT","0"
"71",2022,"MARKETING YEAR","STATE","OTHER STATES",NA," FRESH MARKET - PRICE RECEIVED ","$ / CWT","135"
"72",2022,"MARKETING YEAR","STATE","OTHER STATES",NA," PROCESSING - PRICE RECEIVED ","$ / CWT","27.1"
"73",2022,"YEAR","NATIONAL","US TOTAL",NA," ACRES HARVESTED",NA,"56,300"
"74",2022,"YEAR","NATIONAL","US TOTAL",NA," ACRES PLANTED",NA,"56,400"
"75",2022,"YEAR","NATIONAL","US TOTAL",NA," PRODUCTION ","$","3,259,100,000"
"76",2022,"YEAR","NATIONAL","US TOTAL",NA," PRODUCTION ","CWT","28,520,000"
"77",2022,"YEAR","NATIONAL","US TOTAL",NA," PRODUCTION ","TONS","1,426,000"
"78",2022,"YEAR","NATIONAL","US TOTAL",NA," YIELD ","CWT / ACRE","507"
"79",2022,"YEAR","NATIONAL","US TOTAL",NA," YIELD ","TONS / ACRE","25.33"
"80",2022,"YEAR","NATIONAL","US TOTAL",NA," FRESH MARKET - PRICE RECEIVED 10 YEAR AVG FOR PARITY PURPOSES ","$ / CWT","116"
"81",2022,"YEAR","NATIONAL","US TOTAL",NA," FRESH MARKET - PRICE RECEIVED 10 YEAR AVG ","$ / CWT","116"
"82",2022,"YEAR","NATIONAL","US TOTAL",NA," FRESH MARKET - PRODUCTION ","$","3,112,100,000"
"83",2022,"YEAR","NATIONAL","US TOTAL",NA," FRESH MARKET UTILIZED - PRODUCTION ","CWT","23,077,600"
"84",2022,"YEAR","NATIONAL","US TOTAL",NA," NOT SOLD - PRODUCTION ","CWT","25,700"
"85",2022,"YEAR","NATIONAL","US TOTAL",NA," PROCESSING - PRICE RECEIVED 10 YEAR AVG FOR PARITY PURPOSES ","$ / TON","43.5"
"86",2022,"YEAR","NATIONAL","US TOTAL",NA," PROCESSING - PRICE RECEIVED 10 YEAR AVG ","$ / TON","43.5"
"87",2022,"YEAR","NATIONAL","US TOTAL",NA," PROCESSING - PRODUCTION ","$","147,000,000"
"88",2022,"YEAR","NATIONAL","US TOTAL",NA," PROCESSING UTILIZED - PRODUCTION ","CWT","5,416,700"
"89",2022,"YEAR","NATIONAL","US TOTAL",NA," UTILIZED - PRODUCTION ","CWT","28,494,300"
"90",2022,"YEAR","NATIONAL","US TOTAL",NA," UTILIZED - PRODUCTION ","TONS","1,424,715"
"91",2022,"YEAR","STATE","CALIFORNIA","06"," ACRES HARVESTED",NA,"43,500"
"92",2022,"YEAR","STATE","CALIFORNIA","06"," ACRES PLANTED",NA,"43,600"
"93",2022,"YEAR","STATE","CALIFORNIA","06"," PRODUCTION ","$","2,781,768,000"
"94",2022,"YEAR","STATE","CALIFORNIA","06"," PRODUCTION ","CWT","25,700,000"
"95",2022,"YEAR","STATE","CALIFORNIA","06"," YIELD ","CWT / ACRE","590"
"96",2022,"YEAR","STATE","CALIFORNIA","06"," FRESH MARKET - PRODUCTION ","$","(D)"
"97",2022,"YEAR","STATE","CALIFORNIA","06"," FRESH MARKET UTILIZED - PRODUCTION ","CWT","(D)"
"98",2022,"YEAR","STATE","CALIFORNIA","06"," NOT SOLD - PRODUCTION ","CWT","25,700"
"99",2022,"YEAR","STATE","CALIFORNIA","06"," PROCESSING - PRODUCTION ","$","(D)"
"100",2022,"YEAR","STATE","CALIFORNIA","06"," PROCESSING UTILIZED - PRODUCTION ","CWT","(D)"
"101",2022,"YEAR","STATE","CALIFORNIA","06"," UTILIZED - PRODUCTION ","CWT","25,674,300"
"102",2022,"YEAR","STATE","FLORIDA","12"," ACRES HARVESTED",NA,"12,800"
"103",2022,"YEAR","STATE","FLORIDA","12"," ACRES PLANTED",NA,"12,800"
"104",2022,"YEAR","STATE","FLORIDA","12"," PRODUCTION ","$","477,332,000"
"105",2022,"YEAR","STATE","FLORIDA","12"," PRODUCTION ","CWT","2,820,000"
"106",2022,"YEAR","STATE","FLORIDA","12"," YIELD ","CWT / ACRE","220"
"107",2022,"YEAR","STATE","FLORIDA","12"," FRESH MARKET - PRODUCTION ","$","(D)"
"108",2022,"YEAR","STATE","FLORIDA","12"," FRESH MARKET UTILIZED - PRODUCTION ","CWT","(D)"
"109",2022,"YEAR","STATE","FLORIDA","12"," NOT SOLD - PRODUCTION ","CWT","0"
"110",2022,"YEAR","STATE","FLORIDA","12"," PROCESSING - PRODUCTION ","$","(D)"
"111",2022,"YEAR","STATE","FLORIDA","12"," PROCESSING UTILIZED - PRODUCTION ","CWT","(D)"
"112",2022,"YEAR","STATE","FLORIDA","12"," UTILIZED - PRODUCTION ","CWT","2,820,000"
"113",2022,"YEAR","STATE","OTHER STATES",NA," ACRES HARVESTED",NA,"0"
"114",2022,"YEAR","STATE","OTHER STATES",NA," ACRES PLANTED",NA,"0"
"115",2022,"YEAR","STATE","OTHER STATES",NA," PRODUCTION ","$","0"
"116",2022,"YEAR","STATE","OTHER STATES",NA," PRODUCTION ","CWT","0"
"117",2022,"YEAR","STATE","OTHER STATES",NA," YIELD ","CWT / ACRE","0"
"118",2022,"YEAR","STATE","OTHER STATES",NA," FRESH MARKET - PRODUCTION ","$","3,112,100,000"
"119",2022,"YEAR","STATE","OTHER STATES",NA," FRESH MARKET UTILIZED - PRODUCTION ","CWT","23,077,600"
"120",2022,"YEAR","STATE","OTHER STATES",NA," NOT SOLD - PRODUCTION ","CWT","0"
"121",2022,"YEAR","STATE","OTHER STATES",NA," PROCESSING - PRODUCTION ","$","147,000,000"
"122",2022,"YEAR","STATE","OTHER STATES",NA," PROCESSING UTILIZED - PRODUCTION ","CWT","5,416,700"
"123",2022,"YEAR","STATE","OTHER STATES",NA," UTILIZED - PRODUCTION ","CWT","0"
"124",2021,"MARKETING YEAR","NATIONAL","US TOTAL",NA," PRICE RECEIVED ","$ / CWT","129"
"125",2021,"MARKETING YEAR","NATIONAL","US TOTAL",NA," FRESH MARKET - PRICE RECEIVED ","$ / CWT","143"
"126",2021,"MARKETING YEAR","NATIONAL","US TOTAL",NA," PROCESSING - PRICE RECEIVED ","$ / CWT","64"
"127",2021,"MARKETING YEAR","STATE","CALIFORNIA","06"," PRICE RECEIVED ","$ / CWT","125"
"128",2021,"MARKETING YEAR","STATE","CALIFORNIA","06"," FRESH MARKET - PRICE RECEIVED ","$ / CWT","(D)"
"129",2021,"MARKETING YEAR","STATE","CALIFORNIA","06"," PROCESSING - PRICE RECEIVED ","$ / CWT","(D)"
"130",2021,"MARKETING YEAR","STATE","FLORIDA","12"," PRICE RECEIVED ","$ / CWT","160"
"131",2021,"MARKETING YEAR","STATE","FLORIDA","12"," FRESH MARKET - PRICE RECEIVED ","$ / CWT","(D)"
"132",2021,"MARKETING YEAR","STATE","FLORIDA","12"," PROCESSING - PRICE RECEIVED ","$ / CWT","(D)"
"133",2021,"MARKETING YEAR","STATE","OTHER STATES",NA," PRICE RECEIVED ","$ / CWT","0"
"134",2021,"MARKETING YEAR","STATE","OTHER STATES",NA," FRESH MARKET - PRICE RECEIVED ","$ / CWT","143"
"135",2021,"MARKETING YEAR","STATE","OTHER STATES",NA," PROCESSING - PRICE RECEIVED ","$ / CWT","64"
"136",2021,"YEAR","NATIONAL","US TOTAL",NA," ACRES HARVESTED",NA,"52,500"
"137",2021,"YEAR","NATIONAL","US TOTAL",NA," ACRES PLANTED",NA,"52,500"
"138",2021,"YEAR","NATIONAL","US TOTAL",NA," PRODUCTION ","$","3,583,960,000"
"139",2021,"YEAR","NATIONAL","US TOTAL",NA," PRODUCTION ","CWT","27,930,000"
"140",2021,"YEAR","NATIONAL","US TOTAL",NA," PRODUCTION ","TONS","1,396,500"
"141",2021,"YEAR","NATIONAL","US TOTAL",NA," YIELD ","CWT / ACRE","532"
"142",2021,"YEAR","NATIONAL","US TOTAL",NA," YIELD ","TONS / ACRE","26.6"
"143",2021,"YEAR","NATIONAL","US TOTAL",NA," FRESH MARKET - PRICE RECEIVED 10 YEAR AVG ","$ / CWT","111"
"144",2021,"YEAR","NATIONAL","US TOTAL",NA," FRESH MARKET - PRODUCTION ","$","3,253,959,000"
"145",2021,"YEAR","NATIONAL","US TOTAL",NA," FRESH MARKET UTILIZED - PRODUCTION ","CWT","22,697,900"
"146",2021,"YEAR","NATIONAL","US TOTAL",NA," NOT SOLD - PRODUCTION ","CWT","75,300"
"147",2021,"YEAR","NATIONAL","US TOTAL",NA," PROCESSING - PRICE RECEIVED 10 YEAR AVG ","$ / TON","44.1"
"148",2021,"YEAR","NATIONAL","US TOTAL",NA," PROCESSING - PRODUCTION ","$","330,001,000"
"149",2021,"YEAR","NATIONAL","US TOTAL",NA," PROCESSING UTILIZED - PRODUCTION ","CWT","5,156,800"
"150",2021,"YEAR","NATIONAL","US TOTAL",NA," UTILIZED - PRODUCTION ","CWT","27,854,700"
"151",2021,"YEAR","NATIONAL","US TOTAL",NA," UTILIZED - PRODUCTION ","TONS","1,392,735"
"152",2021,"YEAR","STATE","CALIFORNIA","06"," ACRES HARVESTED",NA,"40,200"
"153",2021,"YEAR","STATE","CALIFORNIA","06"," ACRES PLANTED",NA,"40,200"
"154",2021,"YEAR","STATE","CALIFORNIA","06"," PRODUCTION ","$","3,132,279,000"
"155",2021,"YEAR","STATE","CALIFORNIA","06"," PRODUCTION ","CWT","25,100,000"
"156",2021,"YEAR","STATE","CALIFORNIA","06"," YIELD ","CWT / ACRE","625"
"157",2021,"YEAR","STATE","CALIFORNIA","06"," FRESH MARKET - PRODUCTION ","$","(D)"
"158",2021,"YEAR","STATE","CALIFORNIA","06"," FRESH MARKET UTILIZED - PRODUCTION ","CWT","(D)"
"159",2021,"YEAR","STATE","CALIFORNIA","06"," NOT SOLD - PRODUCTION ","CWT","75,300"
"160",2021,"YEAR","STATE","CALIFORNIA","06"," PROCESSING - PRODUCTION ","$","(D)"
"161",2021,"YEAR","STATE","CALIFORNIA","06"," PROCESSING UTILIZED - PRODUCTION ","CWT","(D)"
"162",2021,"YEAR","STATE","CALIFORNIA","06"," UTILIZED - PRODUCTION ","CWT","25,024,700"
"163",2021,"YEAR","STATE","FLORIDA","12"," ACRES HARVESTED",NA,"12,300"
"164",2021,"YEAR","STATE","FLORIDA","12"," ACRES PLANTED",NA,"12,300"
"165",2021,"YEAR","STATE","FLORIDA","12"," PRODUCTION ","$","451,681,000"
"166",2021,"YEAR","STATE","FLORIDA","12"," PRODUCTION ","CWT","2,830,000"
"167",2021,"YEAR","STATE","FLORIDA","12"," YIELD ","CWT / ACRE","230"
"168",2021,"YEAR","STATE","FLORIDA","12"," FRESH MARKET - PRODUCTION ","$","(D)"
"169",2021,"YEAR","STATE","FLORIDA","12"," FRESH MARKET UTILIZED - PRODUCTION ","CWT","(D)"
"170",2021,"YEAR","STATE","FLORIDA","12"," NOT SOLD - PRODUCTION ","CWT","0"
"171",2021,"YEAR","STATE","FLORIDA","12"," PROCESSING - PRODUCTION ","$","(D)"
"172",2021,"YEAR","STATE","FLORIDA","12"," PROCESSING UTILIZED - PRODUCTION ","CWT","(D)"
"173",2021,"YEAR","STATE","FLORIDA","12"," UTILIZED - PRODUCTION ","CWT","2,830,000"
"174",2021,"YEAR","STATE","OTHER STATES",NA," ACRES HARVESTED",NA,"0"
"175",2021,"YEAR","STATE","OTHER STATES",NA," ACRES PLANTED",NA,"0"
"176",2021,"YEAR","STATE","OTHER STATES",NA," PRODUCTION ","$","0"
"177",2021,"YEAR","STATE","OTHER STATES",NA," PRODUCTION ","CWT","0"
"178",2021,"YEAR","STATE","OTHER STATES",NA," YIELD ","CWT / ACRE","0"
"179",2021,"YEAR","STATE","OTHER STATES",NA," FRESH MARKET - PRODUCTION ","$","3,253,959,000"
"180",2021,"YEAR","STATE","OTHER STATES",NA," FRESH MARKET UTILIZED - PRODUCTION ","CWT","22,697,900"
"181",2021,"YEAR","STATE","OTHER STATES",NA," NOT SOLD - PRODUCTION ","CWT","0"
"182",2021,"YEAR","STATE","OTHER STATES",NA," PROCESSING - PRODUCTION ","$","330,001,000"
"183",2021,"YEAR","STATE","OTHER STATES",NA," PROCESSING UTILIZED - PRODUCTION ","CWT","5,156,800"
"184",2021,"YEAR","STATE","OTHER STATES",NA," UTILIZED - PRODUCTION ","CWT","0"
"185",2020,"MARKETING YEAR","NATIONAL","US TOTAL",NA," PRICE RECEIVED ","$ / CWT","97.1"
"186",2020,"MARKETING YEAR","NATIONAL","US TOTAL",NA," FRESH MARKET - PRICE RECEIVED ","$ / CWT","111"
"187",2020,"MARKETING YEAR","NATIONAL","US TOTAL",NA," PROCESSING - PRICE RECEIVED ","$ / CWT","38.1"
"188",2020,"MARKETING YEAR","STATE","CALIFORNIA","06"," PRICE RECEIVED ","$ / CWT","93.1"
"189",2020,"MARKETING YEAR","STATE","CALIFORNIA","06"," FRESH MARKET - PRICE RECEIVED ","$ / CWT","(D)"
"190",2020,"MARKETING YEAR","STATE","CALIFORNIA","06"," PROCESSING - PRICE RECEIVED ","$ / CWT","(D)"
"191",2020,"MARKETING YEAR","STATE","FLORIDA","12"," PRICE RECEIVED ","$ / CWT","139"
"192",2020,"MARKETING YEAR","STATE","FLORIDA","12"," FRESH MARKET - PRICE RECEIVED ","$ / CWT","(D)"
"193",2020,"MARKETING YEAR","STATE","FLORIDA","12"," PROCESSING - PRICE RECEIVED ","$ / CWT","(D)"
"194",2020,"MARKETING YEAR","STATE","OTHER STATES",NA," PRICE RECEIVED ","$ / CWT","0"
"195",2020,"MARKETING YEAR","STATE","OTHER STATES",NA," FRESH MARKET - PRICE RECEIVED ","$ / CWT","111"
"196",2020,"MARKETING YEAR","STATE","OTHER STATES",NA," PROCESSING - PRICE RECEIVED ","$ / CWT","38.1"
"197",2020,"YEAR","NATIONAL","US TOTAL",NA," ACRES HARVESTED",NA,"49,300"
"198",2020,"YEAR","NATIONAL","US TOTAL",NA," ACRES PLANTED",NA,"49,700"
"199",2020,"YEAR","NATIONAL","US TOTAL",NA," PRODUCTION ","$","2,591,759,000"
"200",2020,"YEAR","NATIONAL","US TOTAL",NA," PRODUCTION ","CWT","26,740,000"
"201",2020,"YEAR","NATIONAL","US TOTAL",NA," PRODUCTION ","TONS","1,337,000"
"202",2020,"YEAR","NATIONAL","US TOTAL",NA," YIELD ","CWT / ACRE","542"
"203",2020,"YEAR","NATIONAL","US TOTAL",NA," YIELD ","TONS / ACRE","27.12"
"204",2020,"YEAR","NATIONAL","US TOTAL",NA," FRESH MARKET - PRODUCTION ","$","2,404,152,000"
"205",2020,"YEAR","NATIONAL","US TOTAL",NA," FRESH MARKET UTILIZED - PRODUCTION ","CWT","21,756,400"
"206",2020,"YEAR","NATIONAL","US TOTAL",NA," NOT SOLD - PRODUCTION ","CWT","55,800"
"207",2020,"YEAR","NATIONAL","US TOTAL",NA," PROCESSING - PRODUCTION ","$","187,607,000"
"208",2020,"YEAR","NATIONAL","US TOTAL",NA," PROCESSING UTILIZED - PRODUCTION ","CWT","4,927,800"
"209",2020,"YEAR","NATIONAL","US TOTAL",NA," UTILIZED - PRODUCTION ","CWT","26,684,200"
"210",2020,"YEAR","NATIONAL","US TOTAL",NA," UTILIZED - PRODUCTION ","TONS","1,334,210"
"211",2020,"YEAR","STATE","CALIFORNIA","06"," ACRES HARVESTED",NA,"37,600"
"212",2020,"YEAR","STATE","CALIFORNIA","06"," ACRES PLANTED",NA,"38,000"
"213",2020,"YEAR","STATE","CALIFORNIA","06"," PRODUCTION ","$","2,267,175,000"
"214",2020,"YEAR","STATE","CALIFORNIA","06"," PRODUCTION ","CWT","24,400,000"
"215",2020,"YEAR","STATE","CALIFORNIA","06"," YIELD ","CWT / ACRE","650"
"216",2020,"YEAR","STATE","CALIFORNIA","06"," FRESH MARKET - PRODUCTION ","$","(D)"
"217",2020,"YEAR","STATE","CALIFORNIA","06"," FRESH MARKET UTILIZED - PRODUCTION ","CWT","(D)"
"218",2020,"YEAR","STATE","CALIFORNIA","06"," NOT SOLD - PRODUCTION ","CWT","48,800"
"219",2020,"YEAR","STATE","CALIFORNIA","06"," PROCESSING - PRODUCTION ","$","(D)"
"220",2020,"YEAR","STATE","CALIFORNIA","06"," PROCESSING UTILIZED - PRODUCTION ","CWT","(D)"
"221",2020,"YEAR","STATE","CALIFORNIA","06"," UTILIZED - PRODUCTION ","CWT","24,351,200"
"222",2020,"YEAR","STATE","FLORIDA","12"," ACRES HARVESTED",NA,"11,700"
"223",2020,"YEAR","STATE","FLORIDA","12"," ACRES PLANTED",NA,"11,700"
"224",2020,"YEAR","STATE","FLORIDA","12"," PRODUCTION ","$","324,584,000"
"225",2020,"YEAR","STATE","FLORIDA","12"," PRODUCTION ","CWT","2,340,000"
"226",2020,"YEAR","STATE","FLORIDA","12"," YIELD ","CWT / ACRE","200"
"227",2020,"YEAR","STATE","FLORIDA","12"," FRESH MARKET - PRODUCTION ","$","(D)"
"228",2020,"YEAR","STATE","FLORIDA","12"," FRESH MARKET UTILIZED - PRODUCTION ","CWT","(D)"
"229",2020,"YEAR","STATE","FLORIDA","12"," NOT SOLD - PRODUCTION ","CWT","7,000"
"230",2020,"YEAR","STATE","FLORIDA","12"," PROCESSING - PRODUCTION ","$","(D)"
"231",2020,"YEAR","STATE","FLORIDA","12"," PROCESSING UTILIZED - PRODUCTION ","CWT","(D)"
"232",2020,"YEAR","STATE","FLORIDA","12"," UTILIZED - PRODUCTION ","CWT","2,333,000"
"233",2020,"YEAR","STATE","OTHER STATES",NA," ACRES HARVESTED",NA,"0"
"234",2020,"YEAR","STATE","OTHER STATES",NA," ACRES PLANTED",NA,"0"
"235",2020,"YEAR","STATE","OTHER STATES",NA," PRODUCTION ","$","0"
"236",2020,"YEAR","STATE","OTHER STATES",NA," PRODUCTION ","CWT","0"
"237",2020,"YEAR","STATE","OTHER STATES",NA," YIELD ","CWT / ACRE","0"
"238",2020,"YEAR","STATE","OTHER STATES",NA," FRESH MARKET - PRODUCTION ","$","2,404,152,000"
"239",2020,"YEAR","STATE","OTHER STATES",NA," FRESH MARKET UTILIZED - PRODUCTION ","CWT","21,756,400"
"240",2020,"YEAR","STATE","OTHER STATES",NA," NOT SOLD - PRODUCTION ","CWT","0"
"241",2020,"YEAR","STATE","OTHER STATES",NA," PROCESSING - PRODUCTION ","$","187,607,000"
"242",2020,"YEAR","STATE","OTHER STATES",NA," PROCESSING UTILIZED - PRODUCTION ","CWT","4,927,800"
"243",2020,"YEAR","STATE","OTHER STATES",NA," UTILIZED - PRODUCTION ","CWT","0"
"244",2019,"MARKETING YEAR","NATIONAL","US TOTAL",NA," PRICE RECEIVED ","$ / CWT","115"
"245",2019,"MARKETING YEAR","NATIONAL","US TOTAL",NA," FRESH MARKET - PRICE RECEIVED ","$ / CWT","130"
"246",2019,"MARKETING YEAR","NATIONAL","US TOTAL",NA," PROCESSING - PRICE RECEIVED ","$ / CWT","52.8"
"247",2019,"MARKETING YEAR","STATE","CALIFORNIA","06"," PRICE RECEIVED ","$ / CWT","110"
"248",2019,"MARKETING YEAR","STATE","CALIFORNIA","06"," FRESH MARKET - PRICE RECEIVED ","$ / CWT","(D)"
"249",2019,"MARKETING YEAR","STATE","CALIFORNIA","06"," PROCESSING - PRICE RECEIVED ","$ / CWT","(D)"
"250",2019,"MARKETING YEAR","STATE","FLORIDA","12"," PRICE RECEIVED ","$ / CWT","152"
"251",2019,"MARKETING YEAR","STATE","FLORIDA","12"," FRESH MARKET - PRICE RECEIVED ","$ / CWT","(D)"
"252",2019,"MARKETING YEAR","STATE","FLORIDA","12"," PROCESSING - PRICE RECEIVED ","$ / CWT","(D)"
"253",2019,"MARKETING YEAR","STATE","OTHER STATES",NA," FRESH MARKET - PRICE RECEIVED ","$ / CWT","130"
"254",2019,"MARKETING YEAR","STATE","OTHER STATES",NA," PROCESSING - PRICE RECEIVED ","$ / CWT","52.8"
"255",2019,"YEAR","NATIONAL","US TOTAL",NA," ACRES HARVESTED",NA,"45,400"
"256",2019,"YEAR","NATIONAL","US TOTAL",NA," ACRES PLANTED",NA,"45,800"
"257",2019,"YEAR","NATIONAL","US TOTAL",NA," PRODUCTION ","$","2,749,961,000"
"258",2019,"YEAR","NATIONAL","US TOTAL",NA," PRODUCTION ","CWT","23,980,000"
"259",2019,"YEAR","NATIONAL","US TOTAL",NA," PRODUCTION ","TONS","1,199,000"
"260",2019,"YEAR","NATIONAL","US TOTAL",NA," YIELD ","CWT / ACRE","528"
"261",2019,"YEAR","NATIONAL","US TOTAL",NA," YIELD ","TONS / ACRE","26.41"
"262",2019,"YEAR","NATIONAL","US TOTAL",NA," FRESH MARKET - PRODUCTION ","$","2,501,482,000"
"263",2019,"YEAR","NATIONAL","US TOTAL",NA," FRESH MARKET UTILIZED - PRODUCTION ","CWT","19,251,000"
"264",2019,"YEAR","NATIONAL","US TOTAL",NA," NOT SOLD - PRODUCTION ","CWT","21,300"
"265",2019,"YEAR","NATIONAL","US TOTAL",NA," PROCESSING - PRODUCTION ","$","248,479,000"
"266",2019,"YEAR","NATIONAL","US TOTAL",NA," PROCESSING UTILIZED - PRODUCTION ","CWT","4,707,700"
"267",2019,"YEAR","NATIONAL","US TOTAL",NA," UTILIZED - PRODUCTION ","CWT","23,958,700"
"268",2019,"YEAR","NATIONAL","US TOTAL",NA," UTILIZED - PRODUCTION ","TONS","1,197,935"
"269",2019,"YEAR","STATE","CALIFORNIA","06"," ACRES HARVESTED",NA,"34,900"
"270",2019,"YEAR","STATE","CALIFORNIA","06"," ACRES PLANTED",NA,"35,300"
"271",2019,"YEAR","STATE","CALIFORNIA","06"," PRODUCTION ","$","2,342,148,000"
"272",2019,"YEAR","STATE","CALIFORNIA","06"," PRODUCTION ","CWT","21,300,000"
"273",2019,"YEAR","STATE","CALIFORNIA","06"," YIELD ","CWT / ACRE","610"
"274",2019,"YEAR","STATE","CALIFORNIA","06"," FRESH MARKET - PRODUCTION ","$","(D)"
"275",2019,"YEAR","STATE","CALIFORNIA","06"," FRESH MARKET UTILIZED - PRODUCTION ","CWT","(D)"
"276",2019,"YEAR","STATE","CALIFORNIA","06"," NOT SOLD - PRODUCTION ","CWT","21,300"
"277",2019,"YEAR","STATE","CALIFORNIA","06"," PROCESSING - PRODUCTION ","$","(D)"
"278",2019,"YEAR","STATE","CALIFORNIA","06"," PROCESSING UTILIZED - PRODUCTION ","CWT","(D)"
"279",2019,"YEAR","STATE","CALIFORNIA","06"," UTILIZED - PRODUCTION ","CWT","21,278,700"
"280",2019,"YEAR","STATE","FLORIDA","12"," ACRES HARVESTED",NA,"10,500"
"281",2019,"YEAR","STATE","FLORIDA","12"," ACRES PLANTED",NA,"10,500"
"282",2019,"YEAR","STATE","FLORIDA","12"," PRODUCTION ","$","407,813,000"
"283",2019,"YEAR","STATE","FLORIDA","12"," PRODUCTION ","CWT","2,680,000"
"284",2019,"YEAR","STATE","FLORIDA","12"," YIELD ","CWT / ACRE","255"
"285",2019,"YEAR","STATE","FLORIDA","12"," FRESH MARKET - PRODUCTION ","$","(D)"
"286",2019,"YEAR","STATE","FLORIDA","12"," FRESH MARKET UTILIZED - PRODUCTION ","CWT","(D)"
"287",2019,"YEAR","STATE","FLORIDA","12"," NOT SOLD - PRODUCTION ","CWT","0"
"288",2019,"YEAR","STATE","FLORIDA","12"," PROCESSING - PRODUCTION ","$","(D)"
"289",2019,"YEAR","STATE","FLORIDA","12"," PROCESSING UTILIZED - PRODUCTION ","CWT","(D)"
"290",2019,"YEAR","STATE","FLORIDA","12"," UTILIZED - PRODUCTION ","CWT","2,680,000"
"291",2019,"YEAR","STATE","OTHER STATES",NA," FRESH MARKET - PRODUCTION ","$","2,501,482,000"
"292",2019,"YEAR","STATE","OTHER STATES",NA," FRESH MARKET UTILIZED - PRODUCTION ","CWT","19,251,000"
"293",2019,"YEAR","STATE","OTHER STATES",NA," PROCESSING - PRODUCTION ","$","248,479,000"
"294",2019,"YEAR","STATE","OTHER STATES",NA," PROCESSING UTILIZED - PRODUCTION ","CWT","4,707,700"
"295",2018,"MARKETING YEAR","NATIONAL","US TOTAL",NA," PRICE RECEIVED ","$ / CWT","93.5"
"296",2018,"MARKETING YEAR","NATIONAL","US TOTAL",NA," FRESH MARKET - PRICE RECEIVED ","$ / CWT","106"
"297",2018,"MARKETING YEAR","NATIONAL","US TOTAL",NA," PROCESSING - PRICE RECEIVED ","$ / CWT","43.7"
"298",2018,"MARKETING YEAR","NATIONAL","US TOTAL",NA," PROCESSING - PRICE RECEIVED ","$ / TON","760"
"299",2018,"MARKETING YEAR","STATE","CALIFORNIA","06"," PRICE RECEIVED ","$ / CWT","90.9"
"300",2018,"MARKETING YEAR","STATE","CALIFORNIA","06"," FRESH MARKET - PRICE RECEIVED ","$ / CWT","104"
"301",2018,"MARKETING YEAR","STATE","CALIFORNIA","06"," PROCESSING - PRICE RECEIVED ","$ / CWT","42.2"
"302",2018,"MARKETING YEAR","STATE","CALIFORNIA","06"," PROCESSING - PRICE RECEIVED ","$ / TON","730"
"303",2018,"MARKETING YEAR","STATE","FLORIDA","12"," PRICE RECEIVED ","$ / CWT","115"
"304",2018,"MARKETING YEAR","STATE","FLORIDA","12"," FRESH MARKET - PRICE RECEIVED ","$ / CWT","115"
"305",2018,"MARKETING YEAR","STATE","FLORIDA","12"," PROCESSING - PRICE RECEIVED ","$ / CWT","0"
"306",2018,"MARKETING YEAR","STATE","FLORIDA","12"," PROCESSING - PRICE RECEIVED ","$ / TON","0"
"307",2018,"MARKETING YEAR","STATE","NEW YORK","36"," PRICE RECEIVED ","$ / CWT","204"
"308",2018,"MARKETING YEAR","STATE","NEW YORK","36"," FRESH MARKET - PRICE RECEIVED ","$ / CWT","(D)"
"309",2018,"MARKETING YEAR","STATE","NEW YORK","36"," PROCESSING - PRICE RECEIVED ","$ / CWT","(D)"
"310",2018,"MARKETING YEAR","STATE","NORTH CAROLINA","37"," PRICE RECEIVED ","$ / CWT","171"
"311",2018,"MARKETING YEAR","STATE","NORTH CAROLINA","37"," FRESH MARKET - PRICE RECEIVED ","$ / CWT","171"
"312",2018,"MARKETING YEAR","STATE","NORTH CAROLINA","37"," PROCESSING - PRICE RECEIVED ","$ / CWT","0"
"313",2018,"MARKETING YEAR","STATE","NORTH CAROLINA","37"," PROCESSING - PRICE RECEIVED ","$ / TON","0"
"314",2018,"MARKETING YEAR","STATE","OREGON","41"," PRICE RECEIVED ","$ / CWT","107"
"315",2018,"MARKETING YEAR","STATE","OREGON","41"," FRESH MARKET - PRICE RECEIVED ","$ / CWT","(D)"
"316",2018,"MARKETING YEAR","STATE","OREGON","41"," PROCESSING - PRICE RECEIVED ","$ / CWT","(D)"
"317",2018,"MARKETING YEAR","STATE","OTHER STATES",NA," FRESH MARKET - PRICE RECEIVED ","$ / CWT","212"
"318",2018,"MARKETING YEAR","STATE","OTHER STATES",NA," PROCESSING - PRICE RECEIVED ","$ / CWT","88"
"319",2018,"MARKETING YEAR","STATE","WASHINGTON","53"," PRICE RECEIVED ","$ / CWT","107"
"320",2018,"MARKETING YEAR","STATE","WASHINGTON","53"," FRESH MARKET - PRICE RECEIVED ","$ / CWT","(D)"
"321",2018,"MARKETING YEAR","STATE","WASHINGTON","53"," PROCESSING - PRICE RECEIVED ","$ / CWT","(D)"
"322",2018,"YEAR","NATIONAL","US TOTAL",NA," ACRES HARVESTED",NA,"49,320"
"323",2018,"YEAR","NATIONAL","US TOTAL",NA," ACRES PLANTED",NA,"49,800"
"324",2018,"YEAR","NATIONAL","US TOTAL",NA," PRODUCTION ","$","2,472,447,000"
"325",2018,"YEAR","NATIONAL","US TOTAL",NA," PRODUCTION ","CWT","26,480,000"
"326",2018,"YEAR","NATIONAL","US TOTAL",NA," YIELD ","CWT / ACRE","537"
"327",2018,"YEAR","NATIONAL","US TOTAL",NA," FRESH MARKET - PRODUCTION ","$","2,242,706,000"
"328",2018,"YEAR","NATIONAL","US TOTAL",NA," FRESH MARKET UTILIZED - PRODUCTION ","CWT","21,196,100"
"329",2018,"YEAR","NATIONAL","US TOTAL",NA," NOT SOLD - PRODUCTION ","CWT","25,100"
"330",2018,"YEAR","NATIONAL","US TOTAL",NA," PROCESSING - PRODUCTION ","$","229,741,000"
"331",2018,"YEAR","NATIONAL","US TOTAL",NA," PROCESSING UTILIZED - PRODUCTION ","CWT","5,258,800"
"332",2018,"YEAR","NATIONAL","US TOTAL",NA," PROCESSING UTILIZED - PRODUCTION ","TONS","284,740"
"333",2018,"YEAR","NATIONAL","US TOTAL",NA," UTILIZED - PRODUCTION ","CWT","26,454,900"
"334",2018,"YEAR","STATE","CALIFORNIA","06"," ACRES HARVESTED",NA,"36,300"
"335",2018,"YEAR","STATE","CALIFORNIA","06"," ACRES PLANTED",NA,"36,300"
"336",2018,"YEAR","STATE","CALIFORNIA","06"," PRODUCTION ","$","2,179,066,000"
"337",2018,"YEAR","STATE","CALIFORNIA","06"," PRODUCTION ","CWT","24,000,000"
"338",2018,"YEAR","STATE","CALIFORNIA","06"," YIELD ","CWT / ACRE","660"
"339",2018,"YEAR","STATE","CALIFORNIA","06"," FRESH MARKET - PRODUCTION ","$","1,964,352,000"
"340",2018,"YEAR","STATE","CALIFORNIA","06"," FRESH MARKET UTILIZED - PRODUCTION ","CWT","18,888,000"
"341",2018,"YEAR","STATE","CALIFORNIA","06"," NOT SOLD - PRODUCTION ","CWT","24,000"
"342",2018,"YEAR","STATE","CALIFORNIA","06"," PROCESSING - PRODUCTION ","$","214,714,000"
"343",2018,"YEAR","STATE","CALIFORNIA","06"," PROCESSING UTILIZED - PRODUCTION ","CWT","5,088,000"
"344",2018,"YEAR","STATE","CALIFORNIA","06"," PROCESSING UTILIZED - PRODUCTION ","TONS","276,358"
"345",2018,"YEAR","STATE","CALIFORNIA","06"," UTILIZED - PRODUCTION ","CWT","23,976,000"
"346",2018,"YEAR","STATE","FLORIDA","12"," ACRES HARVESTED",NA,"9,400"
"347",2018,"YEAR","STATE","FLORIDA","12"," ACRES PLANTED",NA,"9,400"
"348",2018,"YEAR","STATE","FLORIDA","12"," PRODUCTION ","$","243,800,000"
"349",2018,"YEAR","STATE","FLORIDA","12"," PRODUCTION ","CWT","2,120,000"
"350",2018,"YEAR","STATE","FLORIDA","12"," YIELD ","CWT / ACRE","225"
"351",2018,"YEAR","STATE","FLORIDA","12"," FRESH MARKET - PRODUCTION ","$","243,800,000"
"352",2018,"YEAR","STATE","FLORIDA","12"," FRESH MARKET UTILIZED - PRODUCTION ","CWT","2,120,000"
"353",2018,"YEAR","STATE","FLORIDA","12"," NOT SOLD - PRODUCTION ","CWT","0"
"354",2018,"YEAR","STATE","FLORIDA","12"," PROCESSING - PRODUCTION ","$","0"
"355",2018,"YEAR","STATE","FLORIDA","12"," PROCESSING UTILIZED - PRODUCTION ","CWT","0"
"356",2018,"YEAR","STATE","FLORIDA","12"," PROCESSING UTILIZED - PRODUCTION ","TONS","0"
"357",2018,"YEAR","STATE","FLORIDA","12"," UTILIZED - PRODUCTION ","CWT","2,120,000"
"358",2018,"YEAR","STATE","NEW YORK","36"," ACRES HARVESTED",NA,"700"
"359",2018,"YEAR","STATE","NEW YORK","36"," ACRES PLANTED",NA,"800"
"360",2018,"YEAR","STATE","NEW YORK","36"," PRODUCTION ","$","6,065,000"
"361",2018,"YEAR","STATE","NEW YORK","36"," PRODUCTION ","CWT","30,000"
"362",2018,"YEAR","STATE","NEW YORK","36"," YIELD ","CWT / ACRE","44"
"363",2018,"YEAR","STATE","NEW YORK","36"," FRESH MARKET - PRODUCTION ","$","(D)"
"364",2018,"YEAR","STATE","NEW YORK","36"," FRESH MARKET UTILIZED - PRODUCTION ","CWT","(D)"
"365",2018,"YEAR","STATE","NEW YORK","36"," NOT SOLD - PRODUCTION ","CWT","200"
"366",2018,"YEAR","STATE","NEW YORK","36"," PROCESSING - PRODUCTION ","$","(D)"
"367",2018,"YEAR","STATE","NEW YORK","36"," PROCESSING UTILIZED - PRODUCTION ","CWT","(D)"
"368",2018,"YEAR","STATE","NEW YORK","36"," UTILIZED - PRODUCTION ","CWT","29,800"
"369",2018,"YEAR","STATE","NORTH CAROLINA","37"," ACRES HARVESTED",NA,"1,000"
"370",2018,"YEAR","STATE","NORTH CAROLINA","37"," ACRES PLANTED",NA,"1,100"
"371",2018,"YEAR","STATE","NORTH CAROLINA","37"," PRODUCTION ","$","22,230,000"
"372",2018,"YEAR","STATE","NORTH CAROLINA","37"," PRODUCTION ","CWT","130,000"
"373",2018,"YEAR","STATE","NORTH CAROLINA","37"," YIELD ","CWT / ACRE","125"
"374",2018,"YEAR","STATE","NORTH CAROLINA","37"," FRESH MARKET - PRODUCTION ","$","22,230,000"
"375",2018,"YEAR","STATE","NORTH CAROLINA","37"," FRESH MARKET UTILIZED - PRODUCTION ","CWT","130,000"
"376",2018,"YEAR","STATE","NORTH CAROLINA","37"," NOT SOLD - PRODUCTION ","CWT","0"
"377",2018,"YEAR","STATE","NORTH CAROLINA","37"," PROCESSING - PRODUCTION ","$","0"
"378",2018,"YEAR","STATE","NORTH CAROLINA","37"," PROCESSING UTILIZED - PRODUCTION ","CWT","0"
"379",2018,"YEAR","STATE","NORTH CAROLINA","37"," PROCESSING UTILIZED - PRODUCTION ","TONS","0"
"380",2018,"YEAR","STATE","NORTH CAROLINA","37"," UTILIZED - PRODUCTION ","CWT","130,000"
"381",2018,"YEAR","STATE","OREGON","41"," ACRES HARVESTED",NA,"1,100"
"382",2018,"YEAR","STATE","OREGON","41"," ACRES PLANTED",NA,"1,300"
"383",2018,"YEAR","STATE","OREGON","41"," PRODUCTION ","$","11,687,000"
"384",2018,"YEAR","STATE","OREGON","41"," PRODUCTION ","CWT","110,000"
"385",2018,"YEAR","STATE","OREGON","41"," YIELD ","CWT / ACRE","100"
"386",2018,"YEAR","STATE","OREGON","41"," FRESH MARKET - PRODUCTION ","$","(D)"
"387",2018,"YEAR","STATE","OREGON","41"," FRESH MARKET UTILIZED - PRODUCTION ","CWT","(D)"
"388",2018,"YEAR","STATE","OREGON","41"," NOT SOLD - PRODUCTION ","CWT","700"
"389",2018,"YEAR","STATE","OREGON","41"," PROCESSING - PRODUCTION ","$","(D)"
"390",2018,"YEAR","STATE","OREGON","41"," PROCESSING UTILIZED - PRODUCTION ","CWT","(D)"
"391",2018,"YEAR","STATE","OREGON","41"," UTILIZED - PRODUCTION ","CWT","109,300"
"392",2018,"YEAR","STATE","OTHER STATES",NA," FRESH MARKET - PRODUCTION ","$","12,324,000"
"393",2018,"YEAR","STATE","OTHER STATES",NA," FRESH MARKET UTILIZED - PRODUCTION ","CWT","58,100"
"394",2018,"YEAR","STATE","OTHER STATES",NA," PROCESSING - PRODUCTION ","$","15,027,000"
"395",2018,"YEAR","STATE","OTHER STATES",NA," PROCESSING UTILIZED - PRODUCTION ","CWT","170,800"
"396",2018,"YEAR","STATE","WASHINGTON","53"," ACRES HARVESTED",NA,"820"
"397",2018,"YEAR","STATE","WASHINGTON","53"," ACRES PLANTED",NA,"900"
"398",2018,"YEAR","STATE","WASHINGTON","53"," PRODUCTION ","$","9,599,000"
"399",2018,"YEAR","STATE","WASHINGTON","53"," PRODUCTION ","CWT","90,000"
"400",2018,"YEAR","STATE","WASHINGTON","53"," YIELD ","CWT / ACRE","105"
"401",2018,"YEAR","STATE","WASHINGTON","53"," FRESH MARKET - PRODUCTION ","$","(D)"
"402",2018,"YEAR","STATE","WASHINGTON","53"," FRESH MARKET UTILIZED - PRODUCTION ","CWT","(D)"
"403",2018,"YEAR","STATE","WASHINGTON","53"," NOT SOLD - PRODUCTION ","CWT","200"
"404",2018,"YEAR","STATE","WASHINGTON","53"," PROCESSING - PRODUCTION ","$","(D)"
"405",2018,"YEAR","STATE","WASHINGTON","53"," PROCESSING UTILIZED - PRODUCTION ","CWT","(D)"
"406",2018,"YEAR","STATE","WASHINGTON","53"," UTILIZED - PRODUCTION ","CWT","89,800"
"407",2018,"YEAR - AUG FORECAST","NATIONAL","US TOTAL",NA," ACRES HARVESTED",NA,"49,920"
"408",2018,"YEAR - AUG FORECAST","NATIONAL","US TOTAL",NA," ACRES PLANTED",NA,"50,600"
"409",2018,"YEAR - AUG FORECAST","NATIONAL","US TOTAL",NA," PRODUCTION ","$","3,371,461,000"
"410",2018,"YEAR - AUG FORECAST","NATIONAL","US TOTAL",NA," PRODUCTION ","CWT","31,764,900"
"411",2018,"YEAR - AUG FORECAST","NATIONAL","US TOTAL",NA," YIELD ","CWT / ACRE","636.3"
"412",2018,"YEAR - AUG FORECAST","NATIONAL","US TOTAL",NA," FRESH MARKET - PRODUCTION ","$","3,154,923,000"
"413",2018,"YEAR - AUG FORECAST","NATIONAL","US TOTAL",NA," FRESH MARKET UTILIZED - PRODUCTION ","CWT","26,040,000"
"414",2018,"YEAR - AUG FORECAST","NATIONAL","US TOTAL",NA," NOT SOLD - PRODUCTION ","CWT","30,100"
"415",2018,"YEAR - AUG FORECAST","NATIONAL","US TOTAL",NA," PROCESSING - PRODUCTION ","$","216,538,000"
"416",2018,"YEAR - AUG FORECAST","NATIONAL","US TOTAL",NA," PROCESSING UTILIZED - PRODUCTION ","CWT","5,694,800"
"417",2018,"YEAR - AUG FORECAST","NATIONAL","US TOTAL",NA," PROCESSING UTILIZED - PRODUCTION ","TONS","284,740"
"418",2018,"YEAR - AUG FORECAST","NATIONAL","US TOTAL",NA," UTILIZED - PRODUCTION ","CWT","31,734,800"
"419",2018,"YEAR - AUG FORECAST","STATE","CALIFORNIA","06"," ACRES HARVESTED",NA,"36,400"
"420",2018,"YEAR - AUG FORECAST","STATE","CALIFORNIA","06"," ACRES PLANTED",NA,"36,500"
"421",2018,"YEAR - AUG FORECAST","STATE","CALIFORNIA","06"," PRODUCTION ","$","3,030,953,000"
"422",2018,"YEAR - AUG FORECAST","STATE","CALIFORNIA","06"," PRODUCTION ","CWT","28,938,000"
"423",2018,"YEAR - AUG FORECAST","STATE","CALIFORNIA","06"," YIELD ","CWT / ACRE","795"
"424",2018,"YEAR - AUG FORECAST","STATE","CALIFORNIA","06"," FRESH MARKET - PRODUCTION ","$","2,829,210,000"
"425",2018,"YEAR - AUG FORECAST","STATE","CALIFORNIA","06"," FRESH MARKET UTILIZED - PRODUCTION ","CWT","23,381,900"
"426",2018,"YEAR - AUG FORECAST","STATE","CALIFORNIA","06"," NOT SOLD - PRODUCTION ","CWT","28,900"
"427",2018,"YEAR - AUG FORECAST","STATE","CALIFORNIA","06"," PROCESSING - PRODUCTION ","$","201,743,000"
"428",2018,"YEAR - AUG FORECAST","STATE","CALIFORNIA","06"," PROCESSING UTILIZED - PRODUCTION ","CWT","5,527,200"
"429",2018,"YEAR - AUG FORECAST","STATE","CALIFORNIA","06"," PROCESSING UTILIZED - PRODUCTION ","TONS","276,358"
"430",2018,"YEAR - AUG FORECAST","STATE","CALIFORNIA","06"," UTILIZED - PRODUCTION ","CWT","28,909,100"
"431",2018,"YEAR - AUG FORECAST","STATE","FLORIDA","12"," ACRES HARVESTED",NA,"9,900"
"432",2018,"YEAR - AUG FORECAST","STATE","FLORIDA","12"," ACRES PLANTED",NA,"10,000"
"433",2018,"YEAR - AUG FORECAST","STATE","FLORIDA","12"," PRODUCTION ","$","292,050,000"
"434",2018,"YEAR - AUG FORECAST","STATE","FLORIDA","12"," PRODUCTION ","CWT","2,475,000"
"435",2018,"YEAR - AUG FORECAST","STATE","FLORIDA","12"," YIELD ","CWT / ACRE","250"
"436",2018,"YEAR - AUG FORECAST","STATE","FLORIDA","12"," FRESH MARKET - PRODUCTION ","$","292,050,000"
"437",2018,"YEAR - AUG FORECAST","STATE","FLORIDA","12"," FRESH MARKET UTILIZED - PRODUCTION ","CWT","2,475,000"
"438",2018,"YEAR - AUG FORECAST","STATE","FLORIDA","12"," NOT SOLD - PRODUCTION ","CWT","0"
"439",2018,"YEAR - AUG FORECAST","STATE","FLORIDA","12"," PROCESSING - PRODUCTION ","$","0"
"440",2018,"YEAR - AUG FORECAST","STATE","FLORIDA","12"," PROCESSING UTILIZED - PRODUCTION ","CWT","0"
"441",2018,"YEAR - AUG FORECAST","STATE","FLORIDA","12"," PROCESSING UTILIZED - PRODUCTION ","TONS","0"
"442",2018,"YEAR - AUG FORECAST","STATE","FLORIDA","12"," UTILIZED - PRODUCTION ","CWT","2,475,000"
"443",2018,"YEAR - AUG FORECAST","STATE","NEW YORK","36"," ACRES HARVESTED",NA,"700"
"444",2018,"YEAR - AUG FORECAST","STATE","NEW YORK","36"," ACRES PLANTED",NA,"800"
"445",2018,"YEAR - AUG FORECAST","STATE","NEW YORK","36"," PRODUCTION ","$","6,229,000"
"446",2018,"YEAR - AUG FORECAST","STATE","NEW YORK","36"," PRODUCTION ","CWT","30,800"
"447",2018,"YEAR - AUG FORECAST","STATE","NEW YORK","36"," YIELD ","CWT / ACRE","44"
"448",2018,"YEAR - AUG FORECAST","STATE","NEW YORK","36"," FRESH MARKET - PRODUCTION ","$","(D)"
"449",2018,"YEAR - AUG FORECAST","STATE","NEW YORK","36"," FRESH MARKET UTILIZED - PRODUCTION ","CWT","(D)"
"450",2018,"YEAR - AUG FORECAST","STATE","NEW YORK","36"," NOT SOLD - PRODUCTION ","CWT","200"
"451",2018,"YEAR - AUG FORECAST","STATE","NEW YORK","36"," PROCESSING - PRODUCTION ","$","(D)"
"452",2018,"YEAR - AUG FORECAST","STATE","NEW YORK","36"," PROCESSING UTILIZED - PRODUCTION ","CWT","(D)"
"453",2018,"YEAR - AUG FORECAST","STATE","NEW YORK","36"," UTILIZED - PRODUCTION ","CWT","30,600"
"454",2018,"YEAR - AUG FORECAST","STATE","NORTH CAROLINA","37"," ACRES HARVESTED",NA,"1,000"
"455",2018,"YEAR - AUG FORECAST","STATE","NORTH CAROLINA","37"," ACRES PLANTED",NA,"1,100"
"456",2018,"YEAR - AUG FORECAST","STATE","NORTH CAROLINA","37"," PRODUCTION ","$","21,375,000"
"457",2018,"YEAR - AUG FORECAST","STATE","NORTH CAROLINA","37"," PRODUCTION ","CWT","125,000"
"458",2018,"YEAR - AUG FORECAST","STATE","NORTH CAROLINA","37"," YIELD ","CWT / ACRE","125"
"459",2018,"YEAR - AUG FORECAST","STATE","NORTH CAROLINA","37"," FRESH MARKET - PRODUCTION ","$","21,375,000"
"460",2018,"YEAR - AUG FORECAST","STATE","NORTH CAROLINA","37"," FRESH MARKET UTILIZED - PRODUCTION ","CWT","125,000"
"461",2018,"YEAR - AUG FORECAST","STATE","NORTH CAROLINA","37"," NOT SOLD - PRODUCTION ","CWT","0"
"462",2018,"YEAR - AUG FORECAST","STATE","NORTH CAROLINA","37"," PROCESSING - PRODUCTION ","$","0"
"463",2018,"YEAR - AUG FORECAST","STATE","NORTH CAROLINA","37"," PROCESSING UTILIZED - PRODUCTION ","CWT","0"
"464",2018,"YEAR - AUG FORECAST","STATE","NORTH CAROLINA","37"," PROCESSING UTILIZED - PRODUCTION ","TONS","0"
"465",2018,"YEAR - AUG FORECAST","STATE","NORTH CAROLINA","37"," UTILIZED - PRODUCTION ","CWT","125,000"
"466",2018,"YEAR - AUG FORECAST","STATE","OREGON","41"," ACRES HARVESTED",NA,"1,100"
"467",2018,"YEAR - AUG FORECAST","STATE","OREGON","41"," ACRES PLANTED",NA,"1,300"
"468",2018,"YEAR - AUG FORECAST","STATE","OREGON","41"," PRODUCTION ","$","11,687,000"
"469",2018,"YEAR - AUG FORECAST","STATE","OREGON","41"," PRODUCTION ","CWT","110,000"
"470",2018,"YEAR - AUG FORECAST","STATE","OREGON","41"," YIELD ","CWT / ACRE","100"
"471",2018,"YEAR - AUG FORECAST","STATE","OREGON","41"," FRESH MARKET - PRODUCTION ","$","(D)"
"472",2018,"YEAR - AUG FORECAST","STATE","OREGON","41"," FRESH MARKET UTILIZED - PRODUCTION ","CWT","(D)"
"473",2018,"YEAR - AUG FORECAST","STATE","OREGON","41"," NOT SOLD - PRODUCTION ","CWT","700"
"474",2018,"YEAR - AUG FORECAST","STATE","OREGON","41"," PROCESSING - PRODUCTION ","$","(D)"
"475",2018,"YEAR - AUG FORECAST","STATE","OREGON","41"," PROCESSING UTILIZED - PRODUCTION ","CWT","(D)"
"476",2018,"YEAR - AUG FORECAST","STATE","OREGON","41"," UTILIZED - PRODUCTION ","CWT","109,300"
"477",2018,"YEAR - AUG FORECAST","STATE","OTHER STATES",NA," FRESH MARKET - PRODUCTION ","$","12,288,000"
"478",2018,"YEAR - AUG FORECAST","STATE","OTHER STATES",NA," FRESH MARKET UTILIZED - PRODUCTION ","CWT","58,100"
"479",2018,"YEAR - AUG FORECAST","STATE","OTHER STATES",NA," PROCESSING - PRODUCTION ","$","14,795,000"
"480",2018,"YEAR - AUG FORECAST","STATE","OTHER STATES",NA," PROCESSING UTILIZED - PRODUCTION ","CWT","167,600"
"481",2018,"YEAR - AUG FORECAST","STATE","WASHINGTON","53"," ACRES HARVESTED",NA,"820"
"482",2018,"YEAR - AUG FORECAST","STATE","WASHINGTON","53"," ACRES PLANTED",NA,"900"
"483",2018,"YEAR - AUG FORECAST","STATE","WASHINGTON","53"," PRODUCTION ","$","9,167,000"
"484",2018,"YEAR - AUG FORECAST","STATE","WASHINGTON","53"," PRODUCTION ","CWT","86,100"
"485",2018,"YEAR - AUG FORECAST","STATE","WASHINGTON","53"," YIELD ","CWT / ACRE","105"
"486",2018,"YEAR - AUG FORECAST","STATE","WASHINGTON","53"," FRESH MARKET - PRODUCTION ","$","(D)"
"487",2018,"YEAR - AUG FORECAST","STATE","WASHINGTON","53"," FRESH MARKET UTILIZED - PRODUCTION ","CWT","(D)"
"488",2018,"YEAR - AUG FORECAST","STATE","WASHINGTON","53"," NOT SOLD - PRODUCTION ","CWT","300"
"489",2018,"YEAR - AUG FORECAST","STATE","WASHINGTON","53"," PROCESSING - PRODUCTION ","$","(D)"
"490",2018,"YEAR - AUG FORECAST","STATE","WASHINGTON","53"," PROCESSING UTILIZED - PRODUCTION ","CWT","(D)"
"491",2018,"YEAR - AUG FORECAST","STATE","WASHINGTON","53"," UTILIZED - PRODUCTION ","CWT","85,800"
