"","Year","Geo Level","State","State ANSI","organic_detail","Category","measurement","Value","CV (%)"
"1",2021,"NATIONAL","US TOTAL",NA,NA,"ACRES HARVESTED",NA,"5,301","43.5"
"2",2021,"NATIONAL","US TOTAL",NA,NA,"OPERATIONS WITH AREA HARVESTED",NA,"546","6.3"
"3",2021,"NATIONAL","US TOTAL",NA,NA,"OPERATIONS WITH SALES",NA,"546","6.3"
"4",2021,"NATIONAL","US TOTAL",NA,NA,"PRODUCTION"," CWT","1,495,299","51.2"
"5",2021,"NATIONAL","US TOTAL",NA,NA,"SALES"," $","335,964,420","45.7"
"6",2021,"NATIONAL","US TOTAL",NA,NA,"SALES"," CWT","1,494,673","51.3"
"7",2021,"NATIONAL","US TOTAL",NA,"FRESH MARKET","OPERATIONS WITH SALES",NA,"540","6.3"
"8",2021,"NATIONAL","US TOTAL",NA,"FRESH MARKET","SALES"," $","(D)","(D)"
"9",2021,"NATIONAL","US TOTAL",NA,"FRESH MARKET","SALES"," CWT","1,483,234","50.3"
"10",2021,"NATIONAL","US TOTAL",NA,"PROCESSING","OPERATIONS WITH SALES",NA,"18","24.9"
"11",2021,"NATIONAL","US TOTAL",NA,"PROCESSING","SALES"," $","(D)","(D)"
"12",2021,"NATIONAL","US TOTAL",NA,"PROCESSING","SALES"," CWT","11,440","(H)"
"13",2021,"STATE","ALASKA","02",NA,"ACRES HARVESTED",NA,"(D)","(D)"
"14",2021,"STATE","ALASKA","02",NA,"OPERATIONS WITH AREA HARVESTED",NA,"2","(H)"
"15",2021,"STATE","ALASKA","02",NA,"OPERATIONS WITH SALES",NA,"2","(H)"
"16",2021,"STATE","ALASKA","02",NA,"PRODUCTION"," CWT","(D)","(D)"
"17",2021,"STATE","ALASKA","02",NA,"SALES"," $","(D)","(D)"
"18",2021,"STATE","ALASKA","02",NA,"SALES"," CWT","(D)","(D)"
"19",2021,"STATE","ALASKA","02","FRESH MARKET","OPERATIONS WITH SALES",NA,"2","(H)"
"20",2021,"STATE","ALASKA","02","FRESH MARKET","SALES"," $","(D)","(D)"
"21",2021,"STATE","ALASKA","02","FRESH MARKET","SALES"," CWT","(D)","(D)"
"22",2021,"STATE","CALIFORNIA","06",NA,"ACRES HARVESTED",NA,"4,228","45.7"
"23",2021,"STATE","CALIFORNIA","06",NA,"OPERATIONS WITH AREA HARVESTED",NA,"142","19.2"
"24",2021,"STATE","CALIFORNIA","06",NA,"OPERATIONS WITH SALES",NA,"142","19.2"
"25",2021,"STATE","CALIFORNIA","06",NA,"PRODUCTION"," CWT","1,413,251","51.6"
"26",2021,"STATE","CALIFORNIA","06",NA,"SALES"," $","311,784,980","46.0"
"27",2021,"STATE","CALIFORNIA","06",NA,"SALES"," CWT","1,412,627","51.7"
"28",2021,"STATE","CALIFORNIA","06","FRESH MARKET","OPERATIONS WITH SALES",NA,"141","20.4"
"29",2021,"STATE","CALIFORNIA","06","FRESH MARKET","SALES"," $","(D)","(D)"
"30",2021,"STATE","CALIFORNIA","06","FRESH MARKET","SALES"," CWT","1,401,384","50.6"
"31",2021,"STATE","CALIFORNIA","06","PROCESSING","OPERATIONS WITH SALES",NA,"7","60.0"
"32",2021,"STATE","CALIFORNIA","06","PROCESSING","SALES"," $","(D)","(D)"
"33",2021,"STATE","CALIFORNIA","06","PROCESSING","SALES"," CWT","11,244","(H)"
"34",2021,"STATE","CONNECTICUT","09",NA,"ACRES HARVESTED",NA,"3","(H)"
"35",2021,"STATE","CONNECTICUT","09",NA,"OPERATIONS WITH AREA HARVESTED",NA,"8","74.4"
"36",2021,"STATE","CONNECTICUT","09",NA,"OPERATIONS WITH SALES",NA,"8","74.4"
"37",2021,"STATE","CONNECTICUT","09",NA,"PRODUCTION"," CWT","183","(H)"
"38",2021,"STATE","CONNECTICUT","09",NA,"SALES"," $","40,890","(H)"
"39",2021,"STATE","CONNECTICUT","09",NA,"SALES"," CWT","183","(H)"
"40",2021,"STATE","CONNECTICUT","09","FRESH MARKET","OPERATIONS WITH SALES",NA,"8","74.4"
"41",2021,"STATE","CONNECTICUT","09","FRESH MARKET","SALES"," $","40,890","(H)"
"42",2021,"STATE","CONNECTICUT","09","FRESH MARKET","SALES"," CWT","183","(H)"
"43",2021,"STATE","FLORIDA","12",NA,"ACRES HARVESTED",NA,"704","99.8"
"44",2021,"STATE","FLORIDA","12",NA,"OPERATIONS WITH AREA HARVESTED",NA,"10","57.3"
"45",2021,"STATE","FLORIDA","12",NA,"OPERATIONS WITH SALES",NA,"10","57.3"
"46",2021,"STATE","FLORIDA","12",NA,"PRODUCTION"," CWT","67,146","(H)"
"47",2021,"STATE","FLORIDA","12",NA,"SALES"," $","18,358,396","(H)"
"48",2021,"STATE","FLORIDA","12",NA,"SALES"," CWT","67,146","(H)"
"49",2021,"STATE","FLORIDA","12","FRESH MARKET","OPERATIONS WITH SALES",NA,"10","57.3"
"50",2021,"STATE","FLORIDA","12","FRESH MARKET","SALES"," $","18,358,396","(H)"
"51",2021,"STATE","FLORIDA","12","FRESH MARKET","SALES"," CWT","67,146","(H)"
"52",2021,"STATE","GEORGIA","13",NA,"ACRES HARVESTED",NA,"1","92.4"
"53",2021,"STATE","GEORGIA","13",NA,"OPERATIONS WITH AREA HARVESTED",NA,"4","80.4"
"54",2021,"STATE","GEORGIA","13",NA,"OPERATIONS WITH SALES",NA,"4","80.4"
"55",2021,"STATE","GEORGIA","13",NA,"PRODUCTION"," CWT","19","78.0"
"56",2021,"STATE","GEORGIA","13",NA,"SALES"," $","11,600","77.8"
"57",2021,"STATE","GEORGIA","13",NA,"SALES"," CWT","19","78.0"
"58",2021,"STATE","GEORGIA","13","FRESH MARKET","OPERATIONS WITH SALES",NA,"4","80.4"
"59",2021,"STATE","GEORGIA","13","FRESH MARKET","SALES"," $","11,600","77.8"
"60",2021,"STATE","GEORGIA","13","FRESH MARKET","SALES"," CWT","19","78.0"
"61",2021,"STATE","IDAHO","16",NA,"ACRES HARVESTED",NA,"7","87.5"
"62",2021,"STATE","IDAHO","16",NA,"OPERATIONS WITH AREA HARVESTED",NA,"6","53.2"
"63",2021,"STATE","IDAHO","16",NA,"OPERATIONS WITH SALES",NA,"6","53.2"
"64",2021,"STATE","IDAHO","16",NA,"PRODUCTION"," CWT","111","71.4"
"65",2021,"STATE","IDAHO","16",NA,"SALES"," $","31,680","74.1"
"66",2021,"STATE","IDAHO","16",NA,"SALES"," CWT","111","71.4"
"67",2021,"STATE","IDAHO","16","FRESH MARKET","OPERATIONS WITH SALES",NA,"6","53.2"
"68",2021,"STATE","IDAHO","16","FRESH MARKET","SALES"," $","31,680","74.1"
"69",2021,"STATE","IDAHO","16","FRESH MARKET","SALES"," CWT","111","71.4"
"70",2021,"STATE","ILLINOIS","17",NA,"ACRES HARVESTED",NA,"1","95.4"
"71",2021,"STATE","ILLINOIS","17",NA,"OPERATIONS WITH AREA HARVESTED",NA,"5","95.4"
"72",2021,"STATE","ILLINOIS","17",NA,"OPERATIONS WITH SALES",NA,"5","95.4"
"73",2021,"STATE","ILLINOIS","17",NA,"PRODUCTION"," CWT","53","94.9"
"74",2021,"STATE","ILLINOIS","17",NA,"SALES"," $","16,000","95.0"
"75",2021,"STATE","ILLINOIS","17",NA,"SALES"," CWT","53","94.9"
"76",2021,"STATE","ILLINOIS","17","FRESH MARKET","OPERATIONS WITH SALES",NA,"5","95.4"
"77",2021,"STATE","ILLINOIS","17","FRESH MARKET","SALES"," $","16,000","95.0"
"78",2021,"STATE","ILLINOIS","17","FRESH MARKET","SALES"," CWT","53","94.9"
"79",2021,"STATE","INDIANA","18",NA,"ACRES HARVESTED",NA,"(D)","(D)"
"80",2021,"STATE","INDIANA","18",NA,"OPERATIONS WITH AREA HARVESTED",NA,"2","(H)"
"81",2021,"STATE","INDIANA","18",NA,"OPERATIONS WITH SALES",NA,"2","(H)"
"82",2021,"STATE","INDIANA","18",NA,"PRODUCTION"," CWT","(D)","(D)"
"83",2021,"STATE","INDIANA","18",NA,"SALES"," $","(D)","(D)"
"84",2021,"STATE","INDIANA","18",NA,"SALES"," CWT","(D)","(D)"
"85",2021,"STATE","INDIANA","18","FRESH MARKET","OPERATIONS WITH SALES",NA,"2","(H)"
"86",2021,"STATE","INDIANA","18","FRESH MARKET","SALES"," $","(D)","(D)"
"87",2021,"STATE","INDIANA","18","FRESH MARKET","SALES"," CWT","(D)","(D)"
"88",2021,"STATE","IOWA","19",NA,"ACRES HARVESTED",NA,"(D)","(D)"
"89",2021,"STATE","IOWA","19",NA,"OPERATIONS WITH AREA HARVESTED",NA,"6","97.5"
"90",2021,"STATE","IOWA","19",NA,"OPERATIONS WITH SALES",NA,"6","97.5"
"91",2021,"STATE","IOWA","19",NA,"PRODUCTION"," CWT","74","96.4"
"92",2021,"STATE","IOWA","19",NA,"SALES"," $","(D)","(D)"
"93",2021,"STATE","IOWA","19",NA,"SALES"," CWT","74","96.4"
"94",2021,"STATE","IOWA","19","FRESH MARKET","OPERATIONS WITH SALES",NA,"6","97.5"
"95",2021,"STATE","IOWA","19","FRESH MARKET","SALES"," $","(D)","(D)"
"96",2021,"STATE","IOWA","19","FRESH MARKET","SALES"," CWT","74","96.4"
"97",2021,"STATE","KENTUCKY","21",NA,"ACRES HARVESTED",NA,"5","76.0"
"98",2021,"STATE","KENTUCKY","21",NA,"OPERATIONS WITH AREA HARVESTED",NA,"12","69.1"
"99",2021,"STATE","KENTUCKY","21",NA,"OPERATIONS WITH SALES",NA,"12","69.1"
"100",2021,"STATE","KENTUCKY","21",NA,"PRODUCTION"," CWT","62","72.0"
"101",2021,"STATE","KENTUCKY","21",NA,"SALES"," $","30,828","72.0"
"102",2021,"STATE","KENTUCKY","21",NA,"SALES"," CWT","62","72.0"
"103",2021,"STATE","KENTUCKY","21","FRESH MARKET","OPERATIONS WITH SALES",NA,"12","69.1"
"104",2021,"STATE","KENTUCKY","21","FRESH MARKET","SALES"," $","30,828","72.0"
"105",2021,"STATE","KENTUCKY","21","FRESH MARKET","SALES"," CWT","62","72.0"
"106",2021,"STATE","LOUISIANA","22",NA,"ACRES HARVESTED",NA,"(D)","(D)"
"107",2021,"STATE","LOUISIANA","22",NA,"OPERATIONS WITH AREA HARVESTED",NA,"2","(H)"
"108",2021,"STATE","LOUISIANA","22",NA,"OPERATIONS WITH SALES",NA,"2","(H)"
"109",2021,"STATE","LOUISIANA","22",NA,"PRODUCTION"," CWT","(D)","(D)"
"110",2021,"STATE","LOUISIANA","22",NA,"SALES"," $","(D)","(D)"
"111",2021,"STATE","LOUISIANA","22",NA,"SALES"," CWT","(D)","(D)"
"112",2021,"STATE","LOUISIANA","22","FRESH MARKET","OPERATIONS WITH SALES",NA,"2","(H)"
"113",2021,"STATE","LOUISIANA","22","FRESH MARKET","SALES"," $","(D)","(D)"
"114",2021,"STATE","LOUISIANA","22","FRESH MARKET","SALES"," CWT","(D)","(D)"
"115",2021,"STATE","MAINE","23",NA,"ACRES HARVESTED",NA,"11","62.4"
"116",2021,"STATE","MAINE","23",NA,"OPERATIONS WITH AREA HARVESTED",NA,"16","38.4"
"117",2021,"STATE","MAINE","23",NA,"OPERATIONS WITH SALES",NA,"16","38.4"
"118",2021,"STATE","MAINE","23",NA,"PRODUCTION"," CWT","504","(H)"
"119",2021,"STATE","MAINE","23",NA,"SALES"," $","174,980","(H)"
"120",2021,"STATE","MAINE","23",NA,"SALES"," CWT","504","(H)"
"121",2021,"STATE","MAINE","23","FRESH MARKET","OPERATIONS WITH SALES",NA,"16","38.4"
"122",2021,"STATE","MAINE","23","FRESH MARKET","SALES"," $","174,980","(H)"
"123",2021,"STATE","MAINE","23","FRESH MARKET","SALES"," CWT","504","(H)"
"124",2021,"STATE","MARYLAND","24",NA,"ACRES HARVESTED",NA,"3","31.6"
"125",2021,"STATE","MARYLAND","24",NA,"OPERATIONS WITH AREA HARVESTED",NA,"17","31.1"
"126",2021,"STATE","MARYLAND","24",NA,"OPERATIONS WITH SALES",NA,"17","31.1"
"127",2021,"STATE","MARYLAND","24",NA,"PRODUCTION"," CWT","127","35.4"
"128",2021,"STATE","MARYLAND","24",NA,"SALES"," $","53,810","42.8"
"129",2021,"STATE","MARYLAND","24",NA,"SALES"," CWT","127","35.4"
"130",2021,"STATE","MARYLAND","24","FRESH MARKET","OPERATIONS WITH SALES",NA,"17","31.1"
"131",2021,"STATE","MARYLAND","24","FRESH MARKET","SALES"," $","(D)","(D)"
"132",2021,"STATE","MARYLAND","24","FRESH MARKET","SALES"," CWT","(D)","(D)"
"133",2021,"STATE","MARYLAND","24","PROCESSING","OPERATIONS WITH SALES",NA,"2","(H)"
"134",2021,"STATE","MARYLAND","24","PROCESSING","SALES"," $","(D)","(D)"
"135",2021,"STATE","MARYLAND","24","PROCESSING","SALES"," CWT","(D)","(D)"
"136",2021,"STATE","MASSACHUSETTS","25",NA,"ACRES HARVESTED",NA,"9","89.6"
"137",2021,"STATE","MASSACHUSETTS","25",NA,"OPERATIONS WITH AREA HARVESTED",NA,"12","79.2"
"138",2021,"STATE","MASSACHUSETTS","25",NA,"OPERATIONS WITH SALES",NA,"12","79.2"
"139",2021,"STATE","MASSACHUSETTS","25",NA,"PRODUCTION"," CWT","251","76.5"
"140",2021,"STATE","MASSACHUSETTS","25",NA,"SALES"," $","94,827","80.1"
"141",2021,"STATE","MASSACHUSETTS","25",NA,"SALES"," CWT","251","76.5"
"142",2021,"STATE","MASSACHUSETTS","25","FRESH MARKET","OPERATIONS WITH SALES",NA,"12","79.2"
"143",2021,"STATE","MASSACHUSETTS","25","FRESH MARKET","SALES"," $","94,827","80.1"
"144",2021,"STATE","MASSACHUSETTS","25","FRESH MARKET","SALES"," CWT","251","76.5"
"145",2021,"STATE","MICHIGAN","26",NA,"ACRES HARVESTED",NA,"15","47.2"
"146",2021,"STATE","MICHIGAN","26",NA,"OPERATIONS WITH AREA HARVESTED",NA,"26","32.5"
"147",2021,"STATE","MICHIGAN","26",NA,"OPERATIONS WITH SALES",NA,"26","32.5"
"148",2021,"STATE","MICHIGAN","26",NA,"PRODUCTION"," CWT","564","43.9"
"149",2021,"STATE","MICHIGAN","26",NA,"SALES"," $","174,011","44.1"
"150",2021,"STATE","MICHIGAN","26",NA,"SALES"," CWT","564","43.9"
"151",2021,"STATE","MICHIGAN","26","FRESH MARKET","OPERATIONS WITH SALES",NA,"26","32.5"
"152",2021,"STATE","MICHIGAN","26","FRESH MARKET","SALES"," $","174,011","44.1"
"153",2021,"STATE","MICHIGAN","26","FRESH MARKET","SALES"," CWT","564","43.9"
"154",2021,"STATE","MINNESOTA","27",NA,"ACRES HARVESTED",NA,"19","45.8"
"155",2021,"STATE","MINNESOTA","27",NA,"OPERATIONS WITH AREA HARVESTED",NA,"21","39.5"
"156",2021,"STATE","MINNESOTA","27",NA,"OPERATIONS WITH SALES",NA,"21","39.5"
"157",2021,"STATE","MINNESOTA","27",NA,"PRODUCTION"," CWT","749","54.0"
"158",2021,"STATE","MINNESOTA","27",NA,"SALES"," $","418,914","62.4"
"159",2021,"STATE","MINNESOTA","27",NA,"SALES"," CWT","749","54.0"
"160",2021,"STATE","MINNESOTA","27","FRESH MARKET","OPERATIONS WITH SALES",NA,"18","43.6"
"161",2021,"STATE","MINNESOTA","27","FRESH MARKET","SALES"," $","(D)","(D)"
"162",2021,"STATE","MINNESOTA","27","FRESH MARKET","SALES"," CWT","659","62.9"
"163",2021,"STATE","MINNESOTA","27","PROCESSING","OPERATIONS WITH SALES",NA,"3","95.4"
"164",2021,"STATE","MINNESOTA","27","PROCESSING","SALES"," $","(D)","(D)"
"165",2021,"STATE","MINNESOTA","27","PROCESSING","SALES"," CWT","90","95.4"
"166",2021,"STATE","MONTANA","30",NA,"ACRES HARVESTED",NA,"5","71.5"
"167",2021,"STATE","MONTANA","30",NA,"OPERATIONS WITH AREA HARVESTED",NA,"11","43.6"
"168",2021,"STATE","MONTANA","30",NA,"OPERATIONS WITH SALES",NA,"11","43.6"
"169",2021,"STATE","MONTANA","30",NA,"PRODUCTION"," CWT","96","73.5"
"170",2021,"STATE","MONTANA","30",NA,"SALES"," $","80,886","74.8"
"171",2021,"STATE","MONTANA","30",NA,"SALES"," CWT","96","73.5"
"172",2021,"STATE","MONTANA","30","FRESH MARKET","OPERATIONS WITH SALES",NA,"11","43.6"
"173",2021,"STATE","MONTANA","30","FRESH MARKET","SALES"," $","80,886","74.8"
"174",2021,"STATE","MONTANA","30","FRESH MARKET","SALES"," CWT","96","73.5"
"175",2021,"STATE","NEBRASKA","31",NA,"ACRES HARVESTED",NA,"(D)","(D)"
"176",2021,"STATE","NEBRASKA","31",NA,"OPERATIONS WITH AREA HARVESTED",NA,"1","(H)"
"177",2021,"STATE","NEBRASKA","31",NA,"OPERATIONS WITH SALES",NA,"1","(H)"
"178",2021,"STATE","NEBRASKA","31",NA,"PRODUCTION"," CWT","(D)","(D)"
"179",2021,"STATE","NEBRASKA","31",NA,"SALES"," $","(D)","(D)"
"180",2021,"STATE","NEBRASKA","31",NA,"SALES"," CWT","(D)","(D)"
"181",2021,"STATE","NEBRASKA","31","FRESH MARKET","OPERATIONS WITH SALES",NA,"1","(H)"
"182",2021,"STATE","NEBRASKA","31","FRESH MARKET","SALES"," $","(D)","(D)"
"183",2021,"STATE","NEBRASKA","31","FRESH MARKET","SALES"," CWT","(D)","(D)"
"184",2021,"STATE","NEW HAMPSHIRE","33",NA,"ACRES HARVESTED",NA,"6","(H)"
"185",2021,"STATE","NEW HAMPSHIRE","33",NA,"OPERATIONS WITH AREA HARVESTED",NA,"9","58.7"
"186",2021,"STATE","NEW HAMPSHIRE","33",NA,"OPERATIONS WITH SALES",NA,"9","58.7"
"187",2021,"STATE","NEW HAMPSHIRE","33",NA,"PRODUCTION"," CWT","132","(H)"
"188",2021,"STATE","NEW HAMPSHIRE","33",NA,"SALES"," $","52,665","(H)"
"189",2021,"STATE","NEW HAMPSHIRE","33",NA,"SALES"," CWT","132","(H)"
"190",2021,"STATE","NEW HAMPSHIRE","33","FRESH MARKET","OPERATIONS WITH SALES",NA,"9","58.7"
"191",2021,"STATE","NEW HAMPSHIRE","33","FRESH MARKET","SALES"," $","52,665","(H)"
"192",2021,"STATE","NEW HAMPSHIRE","33","FRESH MARKET","SALES"," CWT","132","(H)"
"193",2021,"STATE","NEW JERSEY","34",NA,"ACRES HARVESTED",NA,"(D)","(D)"
"194",2021,"STATE","NEW JERSEY","34",NA,"OPERATIONS WITH AREA HARVESTED",NA,"3","(H)"
"195",2021,"STATE","NEW JERSEY","34",NA,"OPERATIONS WITH SALES",NA,"3","(H)"
"196",2021,"STATE","NEW JERSEY","34",NA,"PRODUCTION"," CWT","(D)","(D)"
"197",2021,"STATE","NEW JERSEY","34",NA,"SALES"," $","28,166","(H)"
"198",2021,"STATE","NEW JERSEY","34",NA,"SALES"," CWT","(D)","(D)"
"199",2021,"STATE","NEW JERSEY","34","FRESH MARKET","OPERATIONS WITH SALES",NA,"3","(H)"
"200",2021,"STATE","NEW JERSEY","34","FRESH MARKET","SALES"," $","28,166","(H)"
"201",2021,"STATE","NEW JERSEY","34","FRESH MARKET","SALES"," CWT","(D)","(D)"
"202",2021,"STATE","NEW YORK","36",NA,"ACRES HARVESTED",NA,"38","42.2"
"203",2021,"STATE","NEW YORK","36",NA,"OPERATIONS WITH AREA HARVESTED",NA,"45","26.4"
"204",2021,"STATE","NEW YORK","36",NA,"OPERATIONS WITH SALES",NA,"45","26.4"
"205",2021,"STATE","NEW YORK","36",NA,"PRODUCTION"," CWT","1,755","32.6"
"206",2021,"STATE","NEW YORK","36",NA,"SALES"," $","633,111","44.5"
"207",2021,"STATE","NEW YORK","36",NA,"SALES"," CWT","1,755","32.6"
"208",2021,"STATE","NEW YORK","36","FRESH MARKET","OPERATIONS WITH SALES",NA,"43","25.3"
"209",2021,"STATE","NEW YORK","36","FRESH MARKET","SALES"," $","(D)","(D)"
"210",2021,"STATE","NEW YORK","36","FRESH MARKET","SALES"," CWT","(D)","(D)"
"211",2021,"STATE","NEW YORK","36","PROCESSING","OPERATIONS WITH SALES",NA,"2","94.9"
"212",2021,"STATE","NEW YORK","36","PROCESSING","SALES"," $","(D)","(D)"
"213",2021,"STATE","NEW YORK","36","PROCESSING","SALES"," CWT","(D)","(D)"
"214",2021,"STATE","NORTH CAROLINA","37",NA,"ACRES HARVESTED",NA,"6","76.7"
"215",2021,"STATE","NORTH CAROLINA","37",NA,"OPERATIONS WITH AREA HARVESTED",NA,"4","68.3"
"216",2021,"STATE","NORTH CAROLINA","37",NA,"OPERATIONS WITH SALES",NA,"4","68.3"
"217",2021,"STATE","NORTH CAROLINA","37",NA,"PRODUCTION"," CWT","734","89.2"
"218",2021,"STATE","NORTH CAROLINA","37",NA,"SALES"," $","190,000","(H)"
"219",2021,"STATE","NORTH CAROLINA","37",NA,"SALES"," CWT","734","89.2"
"220",2021,"STATE","NORTH CAROLINA","37","FRESH MARKET","OPERATIONS WITH SALES",NA,"4","68.3"
"221",2021,"STATE","NORTH CAROLINA","37","FRESH MARKET","SALES"," $","190,000","(H)"
"222",2021,"STATE","NORTH CAROLINA","37","FRESH MARKET","SALES"," CWT","734","89.2"
"223",2021,"STATE","OHIO","39",NA,"ACRES HARVESTED",NA,"10","67.5"
"224",2021,"STATE","OHIO","39",NA,"OPERATIONS WITH AREA HARVESTED",NA,"9","72.1"
"225",2021,"STATE","OHIO","39",NA,"OPERATIONS WITH SALES",NA,"9","72.1"
"226",2021,"STATE","OHIO","39",NA,"PRODUCTION"," CWT","360","68.4"
"227",2021,"STATE","OHIO","39",NA,"SALES"," $","106,638","69.2"
"228",2021,"STATE","OHIO","39",NA,"SALES"," CWT","360","68.4"
"229",2021,"STATE","OHIO","39","FRESH MARKET","OPERATIONS WITH SALES",NA,"9","72.1"
"230",2021,"STATE","OHIO","39","FRESH MARKET","SALES"," $","106,638","69.2"
"231",2021,"STATE","OHIO","39","FRESH MARKET","SALES"," CWT","360","68.4"
"232",2021,"STATE","OKLAHOMA","40",NA,"ACRES HARVESTED",NA,"(D)","(D)"
"233",2021,"STATE","OKLAHOMA","40",NA,"OPERATIONS WITH AREA HARVESTED",NA,"4","70.4"
"234",2021,"STATE","OKLAHOMA","40",NA,"OPERATIONS WITH SALES",NA,"4","70.4"
"235",2021,"STATE","OKLAHOMA","40",NA,"PRODUCTION"," CWT","1,858","69.9"
"236",2021,"STATE","OKLAHOMA","40",NA,"SALES"," $","(D)","(D)"
"237",2021,"STATE","OKLAHOMA","40",NA,"SALES"," CWT","1,858","69.9"
"238",2021,"STATE","OKLAHOMA","40","FRESH MARKET","OPERATIONS WITH SALES",NA,"4","70.4"
"239",2021,"STATE","OKLAHOMA","40","FRESH MARKET","SALES"," $","(D)","(D)"
"240",2021,"STATE","OKLAHOMA","40","FRESH MARKET","SALES"," CWT","1,858","69.9"
"241",2021,"STATE","OREGON","41",NA,"ACRES HARVESTED",NA,"27","(H)"
"242",2021,"STATE","OREGON","41",NA,"OPERATIONS WITH AREA HARVESTED",NA,"26","54.2"
"243",2021,"STATE","OREGON","41",NA,"OPERATIONS WITH SALES",NA,"26","54.2"
"244",2021,"STATE","OREGON","41",NA,"PRODUCTION"," CWT","1,362","84.2"
"245",2021,"STATE","OREGON","41",NA,"SALES"," $","895,054","(H)"
"246",2021,"STATE","OREGON","41",NA,"SALES"," CWT","1,362","84.2"
"247",2021,"STATE","OREGON","41","FRESH MARKET","OPERATIONS WITH SALES",NA,"26","54.2"
"248",2021,"STATE","OREGON","41","FRESH MARKET","SALES"," $","895,054","(H)"
"249",2021,"STATE","OREGON","41","FRESH MARKET","SALES"," CWT","1,362","84.2"
"250",2021,"STATE","PENNSYLVANIA","42",NA,"ACRES HARVESTED",NA,"8","45.7"
"251",2021,"STATE","PENNSYLVANIA","42",NA,"OPERATIONS WITH AREA HARVESTED",NA,"27","48.1"
"252",2021,"STATE","PENNSYLVANIA","42",NA,"OPERATIONS WITH SALES",NA,"27","48.1"
"253",2021,"STATE","PENNSYLVANIA","42",NA,"PRODUCTION"," CWT","522","49.0"
"254",2021,"STATE","PENNSYLVANIA","42",NA,"SALES"," $","148,898","43.7"
"255",2021,"STATE","PENNSYLVANIA","42",NA,"SALES"," CWT","522","49.0"
"256",2021,"STATE","PENNSYLVANIA","42","FRESH MARKET","OPERATIONS WITH SALES",NA,"27","48.1"
"257",2021,"STATE","PENNSYLVANIA","42","FRESH MARKET","SALES"," $","148,898","43.7"
"258",2021,"STATE","PENNSYLVANIA","42","FRESH MARKET","SALES"," CWT","522","49.0"
"259",2021,"STATE","RHODE ISLAND","44",NA,"ACRES HARVESTED",NA,"(D)","(D)"
"260",2021,"STATE","RHODE ISLAND","44",NA,"OPERATIONS WITH AREA HARVESTED",NA,"2","(H)"
"261",2021,"STATE","RHODE ISLAND","44",NA,"OPERATIONS WITH SALES",NA,"2","(H)"
"262",2021,"STATE","RHODE ISLAND","44",NA,"PRODUCTION"," CWT","(D)","(D)"
"263",2021,"STATE","RHODE ISLAND","44",NA,"SALES"," $","(D)","(D)"
"264",2021,"STATE","RHODE ISLAND","44",NA,"SALES"," CWT","(D)","(D)"
"265",2021,"STATE","RHODE ISLAND","44","FRESH MARKET","OPERATIONS WITH SALES",NA,"2","(H)"
"266",2021,"STATE","RHODE ISLAND","44","FRESH MARKET","SALES"," $","(D)","(D)"
"267",2021,"STATE","RHODE ISLAND","44","FRESH MARKET","SALES"," CWT","(D)","(D)"
"268",2021,"STATE","SOUTH CAROLINA","45",NA,"ACRES HARVESTED",NA,"(D)","(D)"
"269",2021,"STATE","SOUTH CAROLINA","45",NA,"OPERATIONS WITH AREA HARVESTED",NA,"2","(H)"
"270",2021,"STATE","SOUTH CAROLINA","45",NA,"OPERATIONS WITH SALES",NA,"2","(H)"
"271",2021,"STATE","SOUTH CAROLINA","45",NA,"PRODUCTION"," CWT","(D)","(D)"
"272",2021,"STATE","SOUTH CAROLINA","45",NA,"SALES"," $","(D)","(D)"
"273",2021,"STATE","SOUTH CAROLINA","45",NA,"SALES"," CWT","(D)","(D)"
"274",2021,"STATE","SOUTH CAROLINA","45","FRESH MARKET","OPERATIONS WITH SALES",NA,"2","(H)"
"275",2021,"STATE","SOUTH CAROLINA","45","FRESH MARKET","SALES"," $","(D)","(D)"
"276",2021,"STATE","SOUTH CAROLINA","45","FRESH MARKET","SALES"," CWT","(D)","(D)"
"277",2021,"STATE","SOUTH DAKOTA","46",NA,"ACRES HARVESTED",NA,"(D)","(D)"
"278",2021,"STATE","SOUTH DAKOTA","46",NA,"OPERATIONS WITH AREA HARVESTED",NA,"1","(H)"
"279",2021,"STATE","SOUTH DAKOTA","46",NA,"OPERATIONS WITH SALES",NA,"1","(H)"
"280",2021,"STATE","SOUTH DAKOTA","46",NA,"PRODUCTION"," CWT","(D)","(D)"
"281",2021,"STATE","SOUTH DAKOTA","46",NA,"SALES"," $","(D)","(D)"
"282",2021,"STATE","SOUTH DAKOTA","46",NA,"SALES"," CWT","(D)","(D)"
"283",2021,"STATE","SOUTH DAKOTA","46","FRESH MARKET","OPERATIONS WITH SALES",NA,"1","(H)"
"284",2021,"STATE","SOUTH DAKOTA","46","FRESH MARKET","SALES"," $","(D)","(D)"
"285",2021,"STATE","SOUTH DAKOTA","46","FRESH MARKET","SALES"," CWT","(D)","(D)"
"286",2021,"STATE","TENNESSEE","47",NA,"ACRES HARVESTED",NA,"(D)","(D)"
"287",2021,"STATE","TENNESSEE","47",NA,"OPERATIONS WITH AREA HARVESTED",NA,"1","(H)"
"288",2021,"STATE","TENNESSEE","47",NA,"OPERATIONS WITH SALES",NA,"1","(H)"
"289",2021,"STATE","TENNESSEE","47",NA,"PRODUCTION"," CWT","(D)","(D)"
"290",2021,"STATE","TENNESSEE","47",NA,"SALES"," $","(D)","(D)"
"291",2021,"STATE","TENNESSEE","47",NA,"SALES"," CWT","(D)","(D)"
"292",2021,"STATE","TENNESSEE","47","FRESH MARKET","OPERATIONS WITH SALES",NA,"1","(H)"
"293",2021,"STATE","TENNESSEE","47","FRESH MARKET","SALES"," $","(D)","(D)"
"294",2021,"STATE","TENNESSEE","47","FRESH MARKET","SALES"," CWT","(D)","(D)"
"295",2021,"STATE","VERMONT","50",NA,"ACRES HARVESTED",NA,"33","43.3"
"296",2021,"STATE","VERMONT","50",NA,"OPERATIONS WITH AREA HARVESTED",NA,"31","38.8"
"297",2021,"STATE","VERMONT","50",NA,"OPERATIONS WITH SALES",NA,"31","38.8"
"298",2021,"STATE","VERMONT","50",NA,"PRODUCTION"," CWT","1,202","39.1"
"299",2021,"STATE","VERMONT","50",NA,"SALES"," $","480,304","49.7"
"300",2021,"STATE","VERMONT","50",NA,"SALES"," CWT","1,202","39.1"
"301",2021,"STATE","VERMONT","50","FRESH MARKET","OPERATIONS WITH SALES",NA,"31","38.8"
"302",2021,"STATE","VERMONT","50","FRESH MARKET","SALES"," $","480,304","49.7"
"303",2021,"STATE","VERMONT","50","FRESH MARKET","SALES"," CWT","1,202","39.1"
"304",2021,"STATE","WASHINGTON","53",NA,"ACRES HARVESTED",NA,"40","41.1"
"305",2021,"STATE","WASHINGTON","53",NA,"OPERATIONS WITH AREA HARVESTED",NA,"49","25.1"
"306",2021,"STATE","WASHINGTON","53",NA,"OPERATIONS WITH SALES",NA,"49","25.1"
"307",2021,"STATE","WASHINGTON","53",NA,"PRODUCTION"," CWT","1,579","53.4"
"308",2021,"STATE","WASHINGTON","53",NA,"SALES"," $","870,017","54.0"
"309",2021,"STATE","WASHINGTON","53",NA,"SALES"," CWT","1,579","53.4"
"310",2021,"STATE","WASHINGTON","53","FRESH MARKET","OPERATIONS WITH SALES",NA,"49","25.1"
"311",2021,"STATE","WASHINGTON","53","FRESH MARKET","SALES"," $","863,231","53.8"
"312",2021,"STATE","WASHINGTON","53","FRESH MARKET","SALES"," CWT","1,499","54.0"
"313",2021,"STATE","WASHINGTON","53","PROCESSING","OPERATIONS WITH SALES",NA,"4","73.0"
"314",2021,"STATE","WASHINGTON","53","PROCESSING","SALES"," $","6,786","93.9"
"315",2021,"STATE","WASHINGTON","53","PROCESSING","SALES"," CWT","80","82.3"
"316",2021,"STATE","WEST VIRGINIA","54",NA,"ACRES HARVESTED",NA,"(D)","(D)"
"317",2021,"STATE","WEST VIRGINIA","54",NA,"OPERATIONS WITH AREA HARVESTED",NA,"2","(H)"
"318",2021,"STATE","WEST VIRGINIA","54",NA,"OPERATIONS WITH SALES",NA,"2","(H)"
"319",2021,"STATE","WEST VIRGINIA","54",NA,"PRODUCTION"," CWT","(D)","(D)"
"320",2021,"STATE","WEST VIRGINIA","54",NA,"SALES"," $","(D)","(D)"
"321",2021,"STATE","WEST VIRGINIA","54",NA,"SALES"," CWT","(D)","(D)"
"322",2021,"STATE","WEST VIRGINIA","54","FRESH MARKET","OPERATIONS WITH SALES",NA,"2","(H)"
"323",2021,"STATE","WEST VIRGINIA","54","FRESH MARKET","SALES"," $","(D)","(D)"
"324",2021,"STATE","WEST VIRGINIA","54","FRESH MARKET","SALES"," CWT","(D)","(D)"
"325",2021,"STATE","WISCONSIN","55",NA,"ACRES HARVESTED",NA,"19","73.6"
"326",2021,"STATE","WISCONSIN","55",NA,"OPERATIONS WITH AREA HARVESTED",NA,"28","31.3"
"327",2021,"STATE","WISCONSIN","55",NA,"OPERATIONS WITH SALES",NA,"28","31.3"
"328",2021,"STATE","WISCONSIN","55",NA,"PRODUCTION"," CWT","426","82.8"
"329",2021,"STATE","WISCONSIN","55",NA,"SALES"," $","128,120","76.4"
"330",2021,"STATE","WISCONSIN","55",NA,"SALES"," CWT","426","82.8"
"331",2021,"STATE","WISCONSIN","55","FRESH MARKET","OPERATIONS WITH SALES",NA,"28","31.3"
"332",2021,"STATE","WISCONSIN","55","FRESH MARKET","SALES"," $","128,120","76.4"
"333",2021,"STATE","WISCONSIN","55","FRESH MARKET","SALES"," CWT","426","82.8"
"334",2019,"NATIONAL","US TOTAL",NA,NA,"ACRES HARVESTED",NA,"5,158","22.4"
"335",2019,"NATIONAL","US TOTAL",NA,NA,"OPERATIONS WITH AREA HARVESTED",NA,"580","2.7"
"336",2019,"NATIONAL","US TOTAL",NA,NA,"OPERATIONS WITH SALES",NA,"580","2.7"
"337",2019,"NATIONAL","US TOTAL",NA,NA,"PRODUCTION"," CWT","1,461,988","28.5"
"338",2019,"NATIONAL","US TOTAL",NA,NA,"SALES"," $","320,793,584","30.4"
"339",2019,"NATIONAL","US TOTAL",NA,NA,"SALES"," CWT","1,461,266","28.5"
"340",2019,"NATIONAL","US TOTAL",NA,"FRESH MARKET","OPERATIONS WITH SALES",NA,"568","2.8"
"341",2019,"NATIONAL","US TOTAL",NA,"FRESH MARKET","SALES"," $","294,996,931","33.0"
"342",2019,"NATIONAL","US TOTAL",NA,"FRESH MARKET","SALES"," CWT","1,250,324","31.8"
"343",2019,"NATIONAL","US TOTAL",NA,"PROCESSING","OPERATIONS WITH SALES",NA,"30","34.8"
"344",2019,"NATIONAL","US TOTAL",NA,"PROCESSING","SALES"," $","25,796,653","67.1"
"345",2019,"NATIONAL","US TOTAL",NA,"PROCESSING","SALES"," CWT","210,942","48.8"
"346",2019,"STATE","ALABAMA","01",NA,"ACRES HARVESTED",NA,"(D)","(D)"
"347",2019,"STATE","ALABAMA","01",NA,"OPERATIONS WITH AREA HARVESTED",NA,"2","30.4"
"348",2019,"STATE","ALABAMA","01",NA,"OPERATIONS WITH SALES",NA,"2","30.4"
"349",2019,"STATE","ALABAMA","01",NA,"PRODUCTION"," CWT","(D)","(D)"
"350",2019,"STATE","ALABAMA","01",NA,"SALES"," $","(D)","(D)"
"351",2019,"STATE","ALABAMA","01",NA,"SALES"," CWT","(D)","(D)"
"352",2019,"STATE","ALABAMA","01","FRESH MARKET","OPERATIONS WITH SALES",NA,"2","30.4"
"353",2019,"STATE","ALABAMA","01","FRESH MARKET","SALES"," $","(D)","(D)"
"354",2019,"STATE","ALABAMA","01","FRESH MARKET","SALES"," CWT","(D)","(D)"
"355",2019,"STATE","ALABAMA","01","PROCESSING","OPERATIONS WITH SALES",NA,"2","(H)"
"356",2019,"STATE","ALABAMA","01","PROCESSING","SALES"," $","(D)","(D)"
"357",2019,"STATE","ALABAMA","01","PROCESSING","SALES"," CWT","(D)","(D)"
"358",2019,"STATE","ARIZONA","04",NA,"ACRES HARVESTED",NA,"(D)","(D)"
"359",2019,"STATE","ARIZONA","04",NA,"OPERATIONS WITH AREA HARVESTED",NA,"2","(H)"
"360",2019,"STATE","ARIZONA","04",NA,"OPERATIONS WITH SALES",NA,"2","(H)"
"361",2019,"STATE","ARIZONA","04",NA,"PRODUCTION"," CWT","(D)","(D)"
"362",2019,"STATE","ARIZONA","04",NA,"SALES"," $","(D)","(D)"
"363",2019,"STATE","ARIZONA","04",NA,"SALES"," CWT","(D)","(D)"
"364",2019,"STATE","ARIZONA","04","FRESH MARKET","OPERATIONS WITH SALES",NA,"2","(H)"
"365",2019,"STATE","ARIZONA","04","FRESH MARKET","SALES"," $","(D)","(D)"
"366",2019,"STATE","ARIZONA","04","FRESH MARKET","SALES"," CWT","(D)","(D)"
"367",2019,"STATE","CALIFORNIA","06",NA,"ACRES HARVESTED",NA,"4,022","28.7"
"368",2019,"STATE","CALIFORNIA","06",NA,"OPERATIONS WITH AREA HARVESTED",NA,"174","8.0"
"369",2019,"STATE","CALIFORNIA","06",NA,"OPERATIONS WITH SALES",NA,"174","8.0"
"370",2019,"STATE","CALIFORNIA","06",NA,"PRODUCTION"," CWT","1,384,735","30.4"
"371",2019,"STATE","CALIFORNIA","06",NA,"SALES"," $","300,277,717","33.1"
"372",2019,"STATE","CALIFORNIA","06",NA,"SALES"," CWT","1,384,016","30.4"
"373",2019,"STATE","CALIFORNIA","06","FRESH MARKET","OPERATIONS WITH SALES",NA,"170","8.0"
"374",2019,"STATE","CALIFORNIA","06","FRESH MARKET","SALES"," $","275,716,713","35.5"
"375",2019,"STATE","CALIFORNIA","06","FRESH MARKET","SALES"," CWT","1,177,214","33.7"
"376",2019,"STATE","CALIFORNIA","06","PROCESSING","OPERATIONS WITH SALES",NA,"15","39.7"
"377",2019,"STATE","CALIFORNIA","06","PROCESSING","SALES"," $","24,561,004","68.3"
"378",2019,"STATE","CALIFORNIA","06","PROCESSING","SALES"," CWT","206,802","49.3"
"379",2019,"STATE","COLORADO","08",NA,"ACRES HARVESTED",NA,"1","45.6"
"380",2019,"STATE","COLORADO","08",NA,"OPERATIONS WITH AREA HARVESTED",NA,"4","47.2"
"381",2019,"STATE","COLORADO","08",NA,"OPERATIONS WITH SALES",NA,"4","47.2"
"382",2019,"STATE","COLORADO","08",NA,"PRODUCTION"," CWT","62","52.1"
"383",2019,"STATE","COLORADO","08",NA,"SALES"," $","31,000","59.1"
"384",2019,"STATE","COLORADO","08",NA,"SALES"," CWT","62","52.1"
"385",2019,"STATE","COLORADO","08","FRESH MARKET","OPERATIONS WITH SALES",NA,"4","47.2"
"386",2019,"STATE","COLORADO","08","FRESH MARKET","SALES"," $","31,000","59.1"
"387",2019,"STATE","COLORADO","08","FRESH MARKET","SALES"," CWT","62","52.1"
"388",2019,"STATE","CONNECTICUT","09",NA,"ACRES HARVESTED",NA,"4","36.7"
"389",2019,"STATE","CONNECTICUT","09",NA,"OPERATIONS WITH AREA HARVESTED",NA,"11","15.7"
"390",2019,"STATE","CONNECTICUT","09",NA,"OPERATIONS WITH SALES",NA,"11","15.7"
"391",2019,"STATE","CONNECTICUT","09",NA,"PRODUCTION"," CWT","181","33.3"
"392",2019,"STATE","CONNECTICUT","09",NA,"SALES"," $","32,164","35.4"
"393",2019,"STATE","CONNECTICUT","09",NA,"SALES"," CWT","177","33.4"
"394",2019,"STATE","CONNECTICUT","09","FRESH MARKET","OPERATIONS WITH SALES",NA,"11","15.7"
"395",2019,"STATE","CONNECTICUT","09","FRESH MARKET","SALES"," $","32,164","36.0"
"396",2019,"STATE","CONNECTICUT","09","FRESH MARKET","SALES"," CWT","177","33.8"
"397",2019,"STATE","FLORIDA","12",NA,"ACRES HARVESTED",NA,"680","79.0"
"398",2019,"STATE","FLORIDA","12",NA,"OPERATIONS WITH AREA HARVESTED",NA,"14","30.4"
"399",2019,"STATE","FLORIDA","12",NA,"OPERATIONS WITH SALES",NA,"14","30.4"
"400",2019,"STATE","FLORIDA","12",NA,"PRODUCTION"," CWT","59,905","76.3"
"401",2019,"STATE","FLORIDA","12",NA,"SALES"," $","15,055,709","83.4"
"402",2019,"STATE","FLORIDA","12",NA,"SALES"," CWT","59,905","76.3"
"403",2019,"STATE","FLORIDA","12","FRESH MARKET","OPERATIONS WITH SALES",NA,"14","30.4"
"404",2019,"STATE","FLORIDA","12","FRESH MARKET","SALES"," $","15,055,709","83.4"
"405",2019,"STATE","FLORIDA","12","FRESH MARKET","SALES"," CWT","59,905","76.3"
"406",2019,"STATE","GEORGIA","13",NA,"ACRES HARVESTED",NA,"(D)","(D)"
"407",2019,"STATE","GEORGIA","13",NA,"OPERATIONS WITH AREA HARVESTED",NA,"8","30.4"
"408",2019,"STATE","GEORGIA","13",NA,"OPERATIONS WITH SALES",NA,"8","30.4"
"409",2019,"STATE","GEORGIA","13",NA,"PRODUCTION"," CWT","1,309","76.3"
"410",2019,"STATE","GEORGIA","13",NA,"SALES"," $","(D)","(D)"
"411",2019,"STATE","GEORGIA","13",NA,"SALES"," CWT","1,309","76.3"
"412",2019,"STATE","GEORGIA","13","FRESH MARKET","OPERATIONS WITH SALES",NA,"8","30.4"
"413",2019,"STATE","GEORGIA","13","FRESH MARKET","SALES"," $","(D)","(D)"
"414",2019,"STATE","GEORGIA","13","FRESH MARKET","SALES"," CWT","1,309","76.3"
"415",2019,"STATE","IDAHO","16",NA,"ACRES HARVESTED",NA,"4","(H)"
"416",2019,"STATE","IDAHO","16",NA,"OPERATIONS WITH AREA HARVESTED",NA,"6","42.5"
"417",2019,"STATE","IDAHO","16",NA,"OPERATIONS WITH SALES",NA,"6","42.5"
"418",2019,"STATE","IDAHO","16",NA,"PRODUCTION"," CWT","100","(H)"
"419",2019,"STATE","IDAHO","16",NA,"SALES"," $","26,380","(H)"
"420",2019,"STATE","IDAHO","16",NA,"SALES"," CWT","100","(H)"
"421",2019,"STATE","IDAHO","16","FRESH MARKET","OPERATIONS WITH SALES",NA,"6","39.8"
"422",2019,"STATE","IDAHO","16","FRESH MARKET","SALES"," $","26,380","59.6"
"423",2019,"STATE","IDAHO","16","FRESH MARKET","SALES"," CWT","100","38.9"
"424",2019,"STATE","ILLINOIS","17",NA,"ACRES HARVESTED",NA,"(D)","(D)"
"425",2019,"STATE","ILLINOIS","17",NA,"OPERATIONS WITH AREA HARVESTED",NA,"2","24.6"
"426",2019,"STATE","ILLINOIS","17",NA,"OPERATIONS WITH SALES",NA,"2","24.6"
"427",2019,"STATE","ILLINOIS","17",NA,"PRODUCTION"," CWT","(D)","(D)"
"428",2019,"STATE","ILLINOIS","17",NA,"SALES"," $","(D)","(D)"
"429",2019,"STATE","ILLINOIS","17",NA,"SALES"," CWT","(D)","(D)"
"430",2019,"STATE","ILLINOIS","17","FRESH MARKET","OPERATIONS WITH SALES",NA,"2","24.6"
"431",2019,"STATE","ILLINOIS","17","FRESH MARKET","SALES"," $","(D)","(D)"
"432",2019,"STATE","ILLINOIS","17","FRESH MARKET","SALES"," CWT","(D)","(D)"
"433",2019,"STATE","INDIANA","18",NA,"ACRES HARVESTED",NA,"11","61.3"
"434",2019,"STATE","INDIANA","18",NA,"OPERATIONS WITH AREA HARVESTED",NA,"5","24.6"
"435",2019,"STATE","INDIANA","18",NA,"OPERATIONS WITH SALES",NA,"5","24.6"
"436",2019,"STATE","INDIANA","18",NA,"PRODUCTION"," CWT","288","56.2"
"437",2019,"STATE","INDIANA","18",NA,"SALES"," $","128,882","59.9"
"438",2019,"STATE","INDIANA","18",NA,"SALES"," CWT","288","56.2"
"439",2019,"STATE","INDIANA","18","FRESH MARKET","OPERATIONS WITH SALES",NA,"5","24.6"
"440",2019,"STATE","INDIANA","18","FRESH MARKET","SALES"," $","128,882","59.9"
"441",2019,"STATE","INDIANA","18","FRESH MARKET","SALES"," CWT","288","56.2"
"442",2019,"STATE","IOWA","19",NA,"ACRES HARVESTED",NA,"(D)","(D)"
"443",2019,"STATE","IOWA","19",NA,"OPERATIONS WITH AREA HARVESTED",NA,"8","38.0"
"444",2019,"STATE","IOWA","19",NA,"OPERATIONS WITH SALES",NA,"8","38.0"
"445",2019,"STATE","IOWA","19",NA,"PRODUCTION"," CWT","70","59.2"
"446",2019,"STATE","IOWA","19",NA,"SALES"," $","32,295","66.6"
"447",2019,"STATE","IOWA","19",NA,"SALES"," CWT","70","59.2"
"448",2019,"STATE","IOWA","19","FRESH MARKET","OPERATIONS WITH SALES",NA,"8","38.0"
"449",2019,"STATE","IOWA","19","FRESH MARKET","SALES"," $","32,295","66.6"
"450",2019,"STATE","IOWA","19","FRESH MARKET","SALES"," CWT","70","59.2"
"451",2019,"STATE","KANSAS","20",NA,"ACRES HARVESTED",NA,"(D)","(D)"
"452",2019,"STATE","KANSAS","20",NA,"OPERATIONS WITH AREA HARVESTED",NA,"1","69.8"
"453",2019,"STATE","KANSAS","20",NA,"OPERATIONS WITH SALES",NA,"1","69.8"
"454",2019,"STATE","KANSAS","20",NA,"PRODUCTION"," CWT","(D)","(D)"
"455",2019,"STATE","KANSAS","20",NA,"SALES"," $","(D)","(D)"
"456",2019,"STATE","KANSAS","20",NA,"SALES"," CWT","(D)","(D)"
"457",2019,"STATE","KANSAS","20","FRESH MARKET","OPERATIONS WITH SALES",NA,"1","69.8"
"458",2019,"STATE","KANSAS","20","FRESH MARKET","SALES"," $","(D)","(D)"
"459",2019,"STATE","KANSAS","20","FRESH MARKET","SALES"," CWT","(D)","(D)"
"460",2019,"STATE","KENTUCKY","21",NA,"ACRES HARVESTED",NA,"1","94.6"
"461",2019,"STATE","KENTUCKY","21",NA,"OPERATIONS WITH AREA HARVESTED",NA,"4","43.9"
"462",2019,"STATE","KENTUCKY","21",NA,"OPERATIONS WITH SALES",NA,"4","43.9"
"463",2019,"STATE","KENTUCKY","21",NA,"PRODUCTION"," CWT","40","94.1"
"464",2019,"STATE","KENTUCKY","21",NA,"SALES"," $","12,387","75.2"
"465",2019,"STATE","KENTUCKY","21",NA,"SALES"," CWT","40","94.1"
"466",2019,"STATE","KENTUCKY","21","FRESH MARKET","OPERATIONS WITH SALES",NA,"4","43.9"
"467",2019,"STATE","KENTUCKY","21","FRESH MARKET","SALES"," $","12,387","75.2"
"468",2019,"STATE","KENTUCKY","21","FRESH MARKET","SALES"," CWT","40","94.1"
"469",2019,"STATE","LOUISIANA","22",NA,"ACRES HARVESTED",NA,"(D)","(D)"
"470",2019,"STATE","LOUISIANA","22",NA,"OPERATIONS WITH AREA HARVESTED",NA,"1","30.4"
"471",2019,"STATE","LOUISIANA","22",NA,"OPERATIONS WITH SALES",NA,"1","30.4"
"472",2019,"STATE","LOUISIANA","22",NA,"PRODUCTION"," CWT","(D)","(D)"
"473",2019,"STATE","LOUISIANA","22",NA,"SALES"," $","(D)","(D)"
"474",2019,"STATE","LOUISIANA","22",NA,"SALES"," CWT","(D)","(D)"
"475",2019,"STATE","LOUISIANA","22","FRESH MARKET","OPERATIONS WITH SALES",NA,"1","30.4"
"476",2019,"STATE","LOUISIANA","22","FRESH MARKET","SALES"," $","(D)","(D)"
"477",2019,"STATE","LOUISIANA","22","FRESH MARKET","SALES"," CWT","(D)","(D)"
"478",2019,"STATE","MAINE","23",NA,"ACRES HARVESTED",NA,"5","36.7"
"479",2019,"STATE","MAINE","23",NA,"OPERATIONS WITH AREA HARVESTED",NA,"19","15.7"
"480",2019,"STATE","MAINE","23",NA,"OPERATIONS WITH SALES",NA,"19","15.7"
"481",2019,"STATE","MAINE","23",NA,"PRODUCTION"," CWT","168","33.3"
"482",2019,"STATE","MAINE","23",NA,"SALES"," $","62,472","35.4"
"483",2019,"STATE","MAINE","23",NA,"SALES"," CWT","168","33.4"
"484",2019,"STATE","MAINE","23","FRESH MARKET","OPERATIONS WITH SALES",NA,"19","15.7"
"485",2019,"STATE","MAINE","23","FRESH MARKET","SALES"," $","62,472","36.0"
"486",2019,"STATE","MAINE","23","FRESH MARKET","SALES"," CWT","168","33.8"
"487",2019,"STATE","MARYLAND","24",NA,"ACRES HARVESTED",NA,"4","36.7"
"488",2019,"STATE","MARYLAND","24",NA,"OPERATIONS WITH AREA HARVESTED",NA,"13","15.7"
"489",2019,"STATE","MARYLAND","24",NA,"OPERATIONS WITH SALES",NA,"13","15.7"
"490",2019,"STATE","MARYLAND","24",NA,"PRODUCTION"," CWT","158","33.3"
"491",2019,"STATE","MARYLAND","24",NA,"SALES"," $","50,234","35.4"
"492",2019,"STATE","MARYLAND","24",NA,"SALES"," CWT","158","33.4"
"493",2019,"STATE","MARYLAND","24","FRESH MARKET","OPERATIONS WITH SALES",NA,"13","15.7"
"494",2019,"STATE","MARYLAND","24","FRESH MARKET","SALES"," $","(D)","(D)"
"495",2019,"STATE","MARYLAND","24","FRESH MARKET","SALES"," CWT","(D)","(D)"
"496",2019,"STATE","MARYLAND","24","PROCESSING","OPERATIONS WITH SALES",NA,"2","(H)"
"497",2019,"STATE","MARYLAND","24","PROCESSING","SALES"," $","(D)","(D)"
"498",2019,"STATE","MARYLAND","24","PROCESSING","SALES"," CWT","(D)","(D)"
"499",2019,"STATE","MASSACHUSETTS","25",NA,"ACRES HARVESTED",NA,"14","36.7"
"500",2019,"STATE","MASSACHUSETTS","25",NA,"OPERATIONS WITH AREA HARVESTED",NA,"14","15.7"
"501",2019,"STATE","MASSACHUSETTS","25",NA,"OPERATIONS WITH SALES",NA,"14","15.7"
"502",2019,"STATE","MASSACHUSETTS","25",NA,"PRODUCTION"," CWT","485","33.3"
"503",2019,"STATE","MASSACHUSETTS","25",NA,"SALES"," $","144,129","35.4"
"504",2019,"STATE","MASSACHUSETTS","25",NA,"SALES"," CWT","485","33.4"
"505",2019,"STATE","MASSACHUSETTS","25","FRESH MARKET","OPERATIONS WITH SALES",NA,"14","15.7"
"506",2019,"STATE","MASSACHUSETTS","25","FRESH MARKET","SALES"," $","144,129","36.0"
"507",2019,"STATE","MASSACHUSETTS","25","FRESH MARKET","SALES"," CWT","485","33.8"
"508",2019,"STATE","MICHIGAN","26",NA,"ACRES HARVESTED",NA,"11","61.3"
"509",2019,"STATE","MICHIGAN","26",NA,"OPERATIONS WITH AREA HARVESTED",NA,"30","24.6"
"510",2019,"STATE","MICHIGAN","26",NA,"OPERATIONS WITH SALES",NA,"30","24.6"
"511",2019,"STATE","MICHIGAN","26",NA,"PRODUCTION"," CWT","435","56.2"
"512",2019,"STATE","MICHIGAN","26",NA,"SALES"," $","(D)","(D)"
"513",2019,"STATE","MICHIGAN","26",NA,"SALES"," CWT","435","56.2"
"514",2019,"STATE","MICHIGAN","26","FRESH MARKET","OPERATIONS WITH SALES",NA,"30","24.6"
"515",2019,"STATE","MICHIGAN","26","FRESH MARKET","SALES"," $","(D)","(D)"
"516",2019,"STATE","MICHIGAN","26","FRESH MARKET","SALES"," CWT","435","56.2"
"517",2019,"STATE","MINNESOTA","27",NA,"ACRES HARVESTED",NA,"(D)","(D)"
"518",2019,"STATE","MINNESOTA","27",NA,"OPERATIONS WITH AREA HARVESTED",NA,"13","37.8"
"519",2019,"STATE","MINNESOTA","27",NA,"OPERATIONS WITH SALES",NA,"13","37.8"
"520",2019,"STATE","MINNESOTA","27",NA,"PRODUCTION"," CWT","73","47.9"
"521",2019,"STATE","MINNESOTA","27",NA,"SALES"," $","29,986","55.0"
"522",2019,"STATE","MINNESOTA","27",NA,"SALES"," CWT","73","47.9"
"523",2019,"STATE","MINNESOTA","27","FRESH MARKET","OPERATIONS WITH SALES",NA,"13","37.8"
"524",2019,"STATE","MINNESOTA","27","FRESH MARKET","SALES"," $","29,986","55.0"
"525",2019,"STATE","MINNESOTA","27","FRESH MARKET","SALES"," CWT","73","47.9"
"526",2019,"STATE","MISSOURI","29",NA,"ACRES HARVESTED",NA,"(D)","(D)"
"527",2019,"STATE","MISSOURI","29",NA,"OPERATIONS WITH AREA HARVESTED",NA,"1","24.6"
"528",2019,"STATE","MISSOURI","29",NA,"OPERATIONS WITH SALES",NA,"1","24.6"
"529",2019,"STATE","MISSOURI","29",NA,"PRODUCTION"," CWT","(D)","(D)"
"530",2019,"STATE","MISSOURI","29",NA,"SALES"," $","(D)","(D)"
"531",2019,"STATE","MISSOURI","29",NA,"SALES"," CWT","(D)","(D)"
"532",2019,"STATE","MISSOURI","29","FRESH MARKET","OPERATIONS WITH SALES",NA,"1","24.6"
"533",2019,"STATE","MISSOURI","29","FRESH MARKET","SALES"," $","(D)","(D)"
"534",2019,"STATE","MISSOURI","29","FRESH MARKET","SALES"," CWT","(D)","(D)"
"535",2019,"STATE","MONTANA","30",NA,"ACRES HARVESTED",NA,"(D)","(D)"
"536",2019,"STATE","MONTANA","30",NA,"OPERATIONS WITH AREA HARVESTED",NA,"4","47.2"
"537",2019,"STATE","MONTANA","30",NA,"OPERATIONS WITH SALES",NA,"4","47.2"
"538",2019,"STATE","MONTANA","30",NA,"PRODUCTION"," CWT","39","52.1"
"539",2019,"STATE","MONTANA","30",NA,"SALES"," $","18,302","59.1"
"540",2019,"STATE","MONTANA","30",NA,"SALES"," CWT","39","52.1"
"541",2019,"STATE","MONTANA","30","FRESH MARKET","OPERATIONS WITH SALES",NA,"4","47.2"
"542",2019,"STATE","MONTANA","30","FRESH MARKET","SALES"," $","18,302","59.1"
"543",2019,"STATE","MONTANA","30","FRESH MARKET","SALES"," CWT","39","52.1"
"544",2019,"STATE","NEBRASKA","31",NA,"ACRES HARVESTED",NA,"(D)","(D)"
"545",2019,"STATE","NEBRASKA","31",NA,"OPERATIONS WITH AREA HARVESTED",NA,"2","69.8"
"546",2019,"STATE","NEBRASKA","31",NA,"OPERATIONS WITH SALES",NA,"2","69.8"
"547",2019,"STATE","NEBRASKA","31",NA,"PRODUCTION"," CWT","(D)","(D)"
"548",2019,"STATE","NEBRASKA","31",NA,"SALES"," $","(D)","(D)"
"549",2019,"STATE","NEBRASKA","31",NA,"SALES"," CWT","(D)","(D)"
"550",2019,"STATE","NEBRASKA","31","FRESH MARKET","OPERATIONS WITH SALES",NA,"2","69.8"
"551",2019,"STATE","NEBRASKA","31","FRESH MARKET","SALES"," $","(D)","(D)"
"552",2019,"STATE","NEBRASKA","31","FRESH MARKET","SALES"," CWT","(D)","(D)"
"553",2019,"STATE","NEVADA","32",NA,"ACRES HARVESTED",NA,"(D)","(D)"
"554",2019,"STATE","NEVADA","32",NA,"OPERATIONS WITH AREA HARVESTED",NA,"1","47.2"
"555",2019,"STATE","NEVADA","32",NA,"OPERATIONS WITH SALES",NA,"1","47.2"
"556",2019,"STATE","NEVADA","32",NA,"PRODUCTION"," CWT","(D)","(D)"
"557",2019,"STATE","NEVADA","32",NA,"SALES"," $","(D)","(D)"
"558",2019,"STATE","NEVADA","32",NA,"SALES"," CWT","(D)","(D)"
"559",2019,"STATE","NEVADA","32","FRESH MARKET","OPERATIONS WITH SALES",NA,"1","47.2"
"560",2019,"STATE","NEVADA","32","FRESH MARKET","SALES"," $","(D)","(D)"
"561",2019,"STATE","NEVADA","32","FRESH MARKET","SALES"," CWT","(D)","(D)"
"562",2019,"STATE","NEW HAMPSHIRE","33",NA,"ACRES HARVESTED",NA,"1","36.7"
"563",2019,"STATE","NEW HAMPSHIRE","33",NA,"OPERATIONS WITH AREA HARVESTED",NA,"4","15.7"
"564",2019,"STATE","NEW HAMPSHIRE","33",NA,"OPERATIONS WITH SALES",NA,"4","15.7"
"565",2019,"STATE","NEW HAMPSHIRE","33",NA,"PRODUCTION"," CWT","(D)","(D)"
"566",2019,"STATE","NEW HAMPSHIRE","33",NA,"SALES"," $","24,000","35.4"
"567",2019,"STATE","NEW HAMPSHIRE","33",NA,"SALES"," CWT","(D)","(D)"
"568",2019,"STATE","NEW HAMPSHIRE","33","FRESH MARKET","OPERATIONS WITH SALES",NA,"4","15.7"
"569",2019,"STATE","NEW HAMPSHIRE","33","FRESH MARKET","SALES"," $","24,000","36.0"
"570",2019,"STATE","NEW HAMPSHIRE","33","FRESH MARKET","SALES"," CWT","(D)","(D)"
"571",2019,"STATE","NEW JERSEY","34",NA,"ACRES HARVESTED",NA,"7","36.7"
"572",2019,"STATE","NEW JERSEY","34",NA,"OPERATIONS WITH AREA HARVESTED",NA,"10","15.7"
"573",2019,"STATE","NEW JERSEY","34",NA,"OPERATIONS WITH SALES",NA,"10","15.7"
"574",2019,"STATE","NEW JERSEY","34",NA,"PRODUCTION"," CWT","208","33.3"
"575",2019,"STATE","NEW JERSEY","34",NA,"SALES"," $","(D)","(D)"
"576",2019,"STATE","NEW JERSEY","34",NA,"SALES"," CWT","208","33.4"
"577",2019,"STATE","NEW JERSEY","34","FRESH MARKET","OPERATIONS WITH SALES",NA,"10","15.7"
"578",2019,"STATE","NEW JERSEY","34","FRESH MARKET","SALES"," $","(D)","(D)"
"579",2019,"STATE","NEW JERSEY","34","FRESH MARKET","SALES"," CWT","208","33.8"
"580",2019,"STATE","NEW MEXICO","35",NA,"ACRES HARVESTED",NA,"(D)","(D)"
"581",2019,"STATE","NEW MEXICO","35",NA,"OPERATIONS WITH AREA HARVESTED",NA,"1","47.2"
"582",2019,"STATE","NEW MEXICO","35",NA,"OPERATIONS WITH SALES",NA,"1","47.2"
"583",2019,"STATE","NEW MEXICO","35",NA,"PRODUCTION"," CWT","(D)","(D)"
"584",2019,"STATE","NEW MEXICO","35",NA,"SALES"," $","(D)","(D)"
"585",2019,"STATE","NEW MEXICO","35",NA,"SALES"," CWT","(D)","(D)"
"586",2019,"STATE","NEW MEXICO","35","FRESH MARKET","OPERATIONS WITH SALES",NA,"1","47.2"
"587",2019,"STATE","NEW MEXICO","35","FRESH MARKET","SALES"," $","(D)","(D)"
"588",2019,"STATE","NEW MEXICO","35","FRESH MARKET","SALES"," CWT","(D)","(D)"
"589",2019,"STATE","NEW YORK","36",NA,"ACRES HARVESTED",NA,"41","40.9"
"590",2019,"STATE","NEW YORK","36",NA,"OPERATIONS WITH AREA HARVESTED",NA,"36","27.3"
"591",2019,"STATE","NEW YORK","36",NA,"OPERATIONS WITH SALES",NA,"36","27.3"
"592",2019,"STATE","NEW YORK","36",NA,"PRODUCTION"," CWT","2,260","32.6"
"593",2019,"STATE","NEW YORK","36",NA,"SALES"," $","644,155","42.2"
"594",2019,"STATE","NEW YORK","36",NA,"SALES"," CWT","2,260","32.6"
"595",2019,"STATE","NEW YORK","36","FRESH MARKET","OPERATIONS WITH SALES",NA,"34","28.7"
"596",2019,"STATE","NEW YORK","36","FRESH MARKET","SALES"," $","(D)","(D)"
"597",2019,"STATE","NEW YORK","36","FRESH MARKET","SALES"," CWT","(D)","(D)"
"598",2019,"STATE","NEW YORK","36","PROCESSING","OPERATIONS WITH SALES",NA,"2","95.0"
"599",2019,"STATE","NEW YORK","36","PROCESSING","SALES"," $","(D)","(D)"
"600",2019,"STATE","NEW YORK","36","PROCESSING","SALES"," CWT","(D)","(D)"
"601",2019,"STATE","NORTH CAROLINA","37",NA,"ACRES HARVESTED",NA,"4","94.6"
"602",2019,"STATE","NORTH CAROLINA","37",NA,"OPERATIONS WITH AREA HARVESTED",NA,"7","43.9"
"603",2019,"STATE","NORTH CAROLINA","37",NA,"OPERATIONS WITH SALES",NA,"7","43.9"
"604",2019,"STATE","NORTH CAROLINA","37",NA,"PRODUCTION"," CWT","300","94.1"
"605",2019,"STATE","NORTH CAROLINA","37",NA,"SALES"," $","87,402","75.2"
"606",2019,"STATE","NORTH CAROLINA","37",NA,"SALES"," CWT","300","94.1"
"607",2019,"STATE","NORTH CAROLINA","37","FRESH MARKET","OPERATIONS WITH SALES",NA,"7","43.9"
"608",2019,"STATE","NORTH CAROLINA","37","FRESH MARKET","SALES"," $","87,402","75.2"
"609",2019,"STATE","NORTH CAROLINA","37","FRESH MARKET","SALES"," CWT","300","94.1"
"610",2019,"STATE","OHIO","39",NA,"ACRES HARVESTED",NA,"9","66.3"
"611",2019,"STATE","OHIO","39",NA,"OPERATIONS WITH AREA HARVESTED",NA,"17","50.7"
"612",2019,"STATE","OHIO","39",NA,"OPERATIONS WITH SALES",NA,"17","50.7"
"613",2019,"STATE","OHIO","39",NA,"PRODUCTION"," CWT","315","56.9"
"614",2019,"STATE","OHIO","39",NA,"SALES"," $","68,830","85.0"
"615",2019,"STATE","OHIO","39",NA,"SALES"," CWT","315","56.9"
"616",2019,"STATE","OHIO","39","FRESH MARKET","OPERATIONS WITH SALES",NA,"17","50.7"
"617",2019,"STATE","OHIO","39","FRESH MARKET","SALES"," $","68,830","85.0"
"618",2019,"STATE","OHIO","39","FRESH MARKET","SALES"," CWT","315","56.9"
"619",2019,"STATE","OKLAHOMA","40",NA,"ACRES HARVESTED",NA,"10","(H)"
"620",2019,"STATE","OKLAHOMA","40",NA,"OPERATIONS WITH AREA HARVESTED",NA,"4","95.2"
"621",2019,"STATE","OKLAHOMA","40",NA,"OPERATIONS WITH SALES",NA,"4","95.2"
"622",2019,"STATE","OKLAHOMA","40",NA,"PRODUCTION"," CWT","880","(H)"
"623",2019,"STATE","OKLAHOMA","40",NA,"SALES"," $","161,288","(H)"
"624",2019,"STATE","OKLAHOMA","40",NA,"SALES"," CWT","880","(H)"
"625",2019,"STATE","OKLAHOMA","40","FRESH MARKET","OPERATIONS WITH SALES",NA,"4","95.2"
"626",2019,"STATE","OKLAHOMA","40","FRESH MARKET","SALES"," $","161,288","(H)"
"627",2019,"STATE","OKLAHOMA","40","FRESH MARKET","SALES"," CWT","880","(H)"
"628",2019,"STATE","OREGON","41",NA,"ACRES HARVESTED",NA,"197","(H)"
"629",2019,"STATE","OREGON","41",NA,"OPERATIONS WITH AREA HARVESTED",NA,"21","42.5"
"630",2019,"STATE","OREGON","41",NA,"OPERATIONS WITH SALES",NA,"21","42.5"
"631",2019,"STATE","OREGON","41",NA,"PRODUCTION"," CWT","5,081","(H)"
"632",2019,"STATE","OREGON","41",NA,"SALES"," $","1,728,809","(H)"
"633",2019,"STATE","OREGON","41",NA,"SALES"," CWT","5,081","(H)"
"634",2019,"STATE","OREGON","41","FRESH MARKET","OPERATIONS WITH SALES",NA,"19","39.8"
"635",2019,"STATE","OREGON","41","FRESH MARKET","SALES"," $","505,658","59.6"
"636",2019,"STATE","OREGON","41","FRESH MARKET","SALES"," CWT","1,004","38.9"
"637",2019,"STATE","OREGON","41","PROCESSING","OPERATIONS WITH SALES",NA,"3","(H)"
"638",2019,"STATE","OREGON","41","PROCESSING","SALES"," $","1,223,151","(H)"
"639",2019,"STATE","OREGON","41","PROCESSING","SALES"," CWT","4,077","(H)"
"640",2019,"STATE","PENNSYLVANIA","42",NA,"ACRES HARVESTED",NA,"6","43.1"
"641",2019,"STATE","PENNSYLVANIA","42",NA,"OPERATIONS WITH AREA HARVESTED",NA,"16","49.0"
"642",2019,"STATE","PENNSYLVANIA","42",NA,"OPERATIONS WITH SALES",NA,"16","49.0"
"643",2019,"STATE","PENNSYLVANIA","42",NA,"PRODUCTION"," CWT","341","38.4"
"644",2019,"STATE","PENNSYLVANIA","42",NA,"SALES"," $","89,572","35.1"
"645",2019,"STATE","PENNSYLVANIA","42",NA,"SALES"," CWT","341","38.4"
"646",2019,"STATE","PENNSYLVANIA","42","FRESH MARKET","OPERATIONS WITH SALES",NA,"16","49.0"
"647",2019,"STATE","PENNSYLVANIA","42","FRESH MARKET","SALES"," $","89,572","35.1"
"648",2019,"STATE","PENNSYLVANIA","42","FRESH MARKET","SALES"," CWT","341","38.4"
"649",2019,"STATE","RHODE ISLAND","44",NA,"ACRES HARVESTED",NA,"(D)","(D)"
"650",2019,"STATE","RHODE ISLAND","44",NA,"OPERATIONS WITH AREA HARVESTED",NA,"2","15.7"
"651",2019,"STATE","RHODE ISLAND","44",NA,"OPERATIONS WITH SALES",NA,"2","15.7"
"652",2019,"STATE","RHODE ISLAND","44",NA,"PRODUCTION"," CWT","(D)","(D)"
"653",2019,"STATE","RHODE ISLAND","44",NA,"SALES"," $","(D)","(D)"
"654",2019,"STATE","RHODE ISLAND","44",NA,"SALES"," CWT","(D)","(D)"
"655",2019,"STATE","RHODE ISLAND","44","FRESH MARKET","OPERATIONS WITH SALES",NA,"2","15.7"
"656",2019,"STATE","RHODE ISLAND","44","FRESH MARKET","SALES"," $","(D)","(D)"
"657",2019,"STATE","RHODE ISLAND","44","FRESH MARKET","SALES"," CWT","(D)","(D)"
"658",2019,"STATE","SOUTH CAROLINA","45",NA,"ACRES HARVESTED",NA,"13","79.0"
"659",2019,"STATE","SOUTH CAROLINA","45",NA,"OPERATIONS WITH AREA HARVESTED",NA,"8","30.4"
"660",2019,"STATE","SOUTH CAROLINA","45",NA,"OPERATIONS WITH SALES",NA,"8","30.4"
"661",2019,"STATE","SOUTH CAROLINA","45",NA,"PRODUCTION"," CWT","332","76.3"
"662",2019,"STATE","SOUTH CAROLINA","45",NA,"SALES"," $","85,229","83.4"
"663",2019,"STATE","SOUTH CAROLINA","45",NA,"SALES"," CWT","332","76.3"
"664",2019,"STATE","SOUTH CAROLINA","45","FRESH MARKET","OPERATIONS WITH SALES",NA,"8","30.4"
"665",2019,"STATE","SOUTH CAROLINA","45","FRESH MARKET","SALES"," $","85,229","83.4"
"666",2019,"STATE","SOUTH CAROLINA","45","FRESH MARKET","SALES"," CWT","332","76.3"
"667",2019,"STATE","SOUTH DAKOTA","46",NA,"ACRES HARVESTED",NA,"(D)","(D)"
"668",2019,"STATE","SOUTH DAKOTA","46",NA,"OPERATIONS WITH AREA HARVESTED",NA,"1","69.8"
"669",2019,"STATE","SOUTH DAKOTA","46",NA,"OPERATIONS WITH SALES",NA,"1","69.8"
"670",2019,"STATE","SOUTH DAKOTA","46",NA,"PRODUCTION"," CWT","(D)","(D)"
"671",2019,"STATE","SOUTH DAKOTA","46",NA,"SALES"," $","(D)","(D)"
"672",2019,"STATE","SOUTH DAKOTA","46",NA,"SALES"," CWT","(D)","(D)"
"673",2019,"STATE","SOUTH DAKOTA","46","FRESH MARKET","OPERATIONS WITH SALES",NA,"1","69.8"
"674",2019,"STATE","SOUTH DAKOTA","46","FRESH MARKET","SALES"," $","(D)","(D)"
"675",2019,"STATE","SOUTH DAKOTA","46","FRESH MARKET","SALES"," CWT","(D)","(D)"
"676",2019,"STATE","TENNESSEE","47",NA,"ACRES HARVESTED",NA,"5","94.6"
"677",2019,"STATE","TENNESSEE","47",NA,"OPERATIONS WITH AREA HARVESTED",NA,"7","43.9"
"678",2019,"STATE","TENNESSEE","47",NA,"OPERATIONS WITH SALES",NA,"7","43.9"
"679",2019,"STATE","TENNESSEE","47",NA,"PRODUCTION"," CWT","219","94.1"
"680",2019,"STATE","TENNESSEE","47",NA,"SALES"," $","35,934","75.2"
"681",2019,"STATE","TENNESSEE","47",NA,"SALES"," CWT","219","94.1"
"682",2019,"STATE","TENNESSEE","47","FRESH MARKET","OPERATIONS WITH SALES",NA,"7","43.9"
"683",2019,"STATE","TENNESSEE","47","FRESH MARKET","SALES"," $","35,934","75.2"
"684",2019,"STATE","TENNESSEE","47","FRESH MARKET","SALES"," CWT","219","94.1"
"685",2019,"STATE","VERMONT","50",NA,"ACRES HARVESTED",NA,"21","32.0"
"686",2019,"STATE","VERMONT","50",NA,"OPERATIONS WITH AREA HARVESTED",NA,"26","23.2"
"687",2019,"STATE","VERMONT","50",NA,"OPERATIONS WITH SALES",NA,"26","23.2"
"688",2019,"STATE","VERMONT","50",NA,"PRODUCTION"," CWT","1,051","39.3"
"689",2019,"STATE","VERMONT","50",NA,"SALES"," $","486,870","34.0"
"690",2019,"STATE","VERMONT","50",NA,"SALES"," CWT","1,051","39.3"
"691",2019,"STATE","VERMONT","50","FRESH MARKET","OPERATIONS WITH SALES",NA,"26","23.2"
"692",2019,"STATE","VERMONT","50","FRESH MARKET","SALES"," $","486,870","34.0"
"693",2019,"STATE","VERMONT","50","FRESH MARKET","SALES"," CWT","1,051","39.3"
"694",2019,"STATE","VIRGINIA","51",NA,"ACRES HARVESTED",NA,"(D)","(D)"
"695",2019,"STATE","VIRGINIA","51",NA,"OPERATIONS WITH AREA HARVESTED",NA,"1","43.9"
"696",2019,"STATE","VIRGINIA","51",NA,"OPERATIONS WITH SALES",NA,"1","43.9"
"697",2019,"STATE","VIRGINIA","51",NA,"PRODUCTION"," CWT","(D)","(D)"
"698",2019,"STATE","VIRGINIA","51",NA,"SALES"," $","(D)","(D)"
"699",2019,"STATE","VIRGINIA","51",NA,"SALES"," CWT","(D)","(D)"
"700",2019,"STATE","VIRGINIA","51","FRESH MARKET","OPERATIONS WITH SALES",NA,"1","43.9"
"701",2019,"STATE","VIRGINIA","51","FRESH MARKET","SALES"," $","(D)","(D)"
"702",2019,"STATE","VIRGINIA","51","FRESH MARKET","SALES"," CWT","(D)","(D)"
"703",2019,"STATE","WASHINGTON","53",NA,"ACRES HARVESTED",NA,"55","58.3"
"704",2019,"STATE","WASHINGTON","53",NA,"OPERATIONS WITH AREA HARVESTED",NA,"57","40.1"
"705",2019,"STATE","WASHINGTON","53",NA,"OPERATIONS WITH SALES",NA,"57","40.1"
"706",2019,"STATE","WASHINGTON","53",NA,"PRODUCTION"," CWT","2,428","78.4"
"707",2019,"STATE","WASHINGTON","53",NA,"SALES"," $","745,009","67.2"
"708",2019,"STATE","WASHINGTON","53",NA,"SALES"," CWT","2,428","78.4"
"709",2019,"STATE","WASHINGTON","53","FRESH MARKET","OPERATIONS WITH SALES",NA,"53","40.5"
"710",2019,"STATE","WASHINGTON","53","FRESH MARKET","SALES"," $","(D)","(D)"
"711",2019,"STATE","WASHINGTON","53","FRESH MARKET","SALES"," CWT","2,404","79.4"
"712",2019,"STATE","WASHINGTON","53","PROCESSING","OPERATIONS WITH SALES",NA,"6","89.2"
"713",2019,"STATE","WASHINGTON","53","PROCESSING","SALES"," $","(D)","(D)"
"714",2019,"STATE","WASHINGTON","53","PROCESSING","SALES"," CWT","23","80.9"
"715",2019,"STATE","WEST VIRGINIA","54",NA,"ACRES HARVESTED",NA,"(D)","(D)"
"716",2019,"STATE","WEST VIRGINIA","54",NA,"OPERATIONS WITH AREA HARVESTED",NA,"1","43.9"
"717",2019,"STATE","WEST VIRGINIA","54",NA,"OPERATIONS WITH SALES",NA,"1","43.9"
"718",2019,"STATE","WEST VIRGINIA","54",NA,"PRODUCTION"," CWT","(D)","(D)"
"719",2019,"STATE","WEST VIRGINIA","54",NA,"SALES"," $","(D)","(D)"
"720",2019,"STATE","WEST VIRGINIA","54",NA,"SALES"," CWT","(D)","(D)"
"721",2019,"STATE","WEST VIRGINIA","54","FRESH MARKET","OPERATIONS WITH SALES",NA,"1","43.9"
"722",2019,"STATE","WEST VIRGINIA","54","FRESH MARKET","SALES"," $","(D)","(D)"
"723",2019,"STATE","WEST VIRGINIA","54","FRESH MARKET","SALES"," CWT","(D)","(D)"
"724",2019,"STATE","WISCONSIN","55",NA,"ACRES HARVESTED",NA,"5","56.3"
"725",2019,"STATE","WISCONSIN","55",NA,"OPERATIONS WITH AREA HARVESTED",NA,"22","23.8"
"726",2019,"STATE","WISCONSIN","55",NA,"OPERATIONS WITH SALES",NA,"22","23.8"
"727",2019,"STATE","WISCONSIN","55",NA,"PRODUCTION"," CWT","135","55.9"
"728",2019,"STATE","WISCONSIN","55",NA,"SALES"," $","50,111","42.1"
"729",2019,"STATE","WISCONSIN","55",NA,"SALES"," CWT","135","55.9"
"730",2019,"STATE","WISCONSIN","55","FRESH MARKET","OPERATIONS WITH SALES",NA,"22","23.8"
"731",2019,"STATE","WISCONSIN","55","FRESH MARKET","SALES"," $","50,111","42.1"
"732",2019,"STATE","WISCONSIN","55","FRESH MARKET","SALES"," CWT","135","55.9"
